id,name,email,phone,status,licenseStatus,bookings,cancellations,lastLogin,joined,city,trustScore,avatar
U001,Aman,aman1@yahoo.com,9462229675,active,Verified,1,0,2023-12-22,2023-11-24,Haridwar,98,A
U002,Rahul,rahul2@gmail.com,9741242756,active,Not Verified,34,3,2024-03-16,2023-12-13,Dehradun,61,R
U003,Priya,priya3@yahoo.com,9182386912,active,Not Verified,1,1,2024-01-13,2023-04-30,Mussoorie,80,P
U004,Neha,neha4@gmail.com,9199233779,active,Not Verified,10,1,2024-02-19,2024-02-19,Dehradun,81,N
U005,Aditi,aditi5@outlook.com,9321970644,active,Verified,6,0,2024-03-09,2024-01-26,Mussoorie,100,A
U006,Aditi,aditi6@gmail.com,9170979028,active,Verified,29,3,2024-02-20,2024-02-18,Dehradun,72,A
U007,Rahul,rahul7@gmail.com,9306004244,active,Verified,12,0,2024-02-18,2023-11-18,Haridwar,100,R
U008,Rohit,rohit8@outlook.com,9123381489,active,Not Verified,6,1,2023-06-09,2023-02-10,Dehradun,87,R
U009,Neha,neha9@gmail.com,9402080766,active,Not Verified,17,0,2023-10-16,2023-07-01,Dehradun,94,N
U010,Pooja,pooja10@gmail.com,9981236828,blocked,Verified,10,1,2024-02-09,2024-01-09,Mussoorie,97,P
U011,Priya,priya11@gmail.com,9274916126,active,Verified,3,0,2024-01-27,2023-12-17,Dehradun,100,P
U012,Sneha,sneha12@gmail.com,9163798454,active,Not Verified,20,3,2024-02-03,2023-04-19,Rishikesh,67,S
U013,Aman,aman13@yahoo.com,9418465479,active,Not Verified,15,2,2023-07-26,2023-05-16,Nainital,78,A
U014,Arjun,arjun14@outlook.com,9336680461,active,Verified,14,0,2024-01-25,2023-07-24,Dehradun,100,A
U015,Priya,priya15@yahoo.com,9110969733,active,Verified,7,0,2024-04-09,2023-01-25,Mussoorie,100,P
U016,Karan,karan16@gmail.com,9141850642,blocked,Not Verified,29,4,2024-01-28,2023-07-17,Mussoorie,53,K
U017,Karan,karan17@outlook.com,9885764446,active,Verified,34,6,2024-04-07,2023-12-16,Dehradun,57,K
U018,Rahul,rahul18@yahoo.com,9334196764,active,Verified,29,5,2023-09-20,2023-08-11,Haridwar,59,R
U019,Neha,neha19@gmail.com,9668215116,active,Not Verified,19,1,2023-10-14,2023-09-17,Haridwar,79,N
U020,Arjun,arjun20@gmail.com,9828506570,active,Not Verified,0,0,2024-02-16,2023-10-04,Auli,85,A
U021,Pooja,pooja21@outlook.com,9546785770,blocked,Not Verified,15,0,2024-03-20,2024-03-01,Rishikesh,86,P
U022,Arjun,arjun22@gmail.com,9389915709,active,Not Verified,34,1,2024-02-29,2023-02-05,Auli,87,A
U023,Aditi,aditi23@outlook.com,9564601862,active,Verified,33,3,2023-08-08,2023-03-26,Haridwar,74,A
U024,Rahul,rahul24@yahoo.com,9298773282,active,Verified,19,2,2024-01-14,2023-12-20,Rishikesh,86,R
U025,Rohit,rohit25@yahoo.com,9214542644,active,Not Verified,4,0,2023-08-30,2023-05-07,Dehradun,94,R
U026,Priya,priya26@yahoo.com,9492934154,active,Verified,3,0,2024-03-18,2023-12-29,Rishikesh,100,P
U027,Priya,priya27@yahoo.com,9780247222,active,Verified,13,2,2024-01-26,2023-05-23,Rishikesh,88,P
U028,Aditi,aditi28@outlook.com,9366055028,active,Not Verified,26,0,2024-04-06,2024-02-06,Rishikesh,95,A
U029,Rahul,rahul29@outlook.com,9980293331,active,Not Verified,3,0,2024-03-25,2023-07-30,Mussoorie,85,R
U030,Sneha,sneha30@yahoo.com,9576176565,active,Not Verified,6,0,2024-04-09,2024-02-14,Dehradun,93,S
U031,Karan,karan31@gmail.com,9891043836,active,Verified,29,0,2023-08-24,2023-04-04,Dehradun,100,K
U032,Priya,priya32@outlook.com,9901069895,active,Verified,5,0,2023-12-03,2023-11-30,Rishikesh,97,P
U033,Arjun,arjun33@outlook.com,9924379870,active,Verified,3,0,2023-11-11,2023-04-20,Auli,100,A
U034,Arjun,arjun34@yahoo.com,9244582740,active,Not Verified,18,3,2024-04-04,2024-02-06,Dehradun,63,A
U035,Arjun,arjun35@outlook.com,9325070714,active,Verified,34,2,2023-11-22,2023-01-30,Mussoorie,79,A
U036,Aditi,aditi36@gmail.com,9908661141,active,Verified,10,2,2024-01-28,2023-09-15,Dehradun,80,A
U037,Rohit,rohit37@gmail.com,9131839019,active,Verified,15,1,2024-01-15,2023-02-04,Dehradun,96,R
U038,Aman,aman38@yahoo.com,9944626985,blocked,Verified,33,2,2023-09-13,2023-02-11,Mussoorie,82,A
U039,Neha,neha39@gmail.com,9775626156,active,Verified,25,5,2023-09-15,2023-05-03,Rishikesh,59,N
U040,Rohit,rohit40@outlook.com,9504327519,active,Not Verified,0,0,2024-01-29,2024-01-20,Dehradun,86,R
U041,Rohit,rohit41@yahoo.com,9619749927,active,Not Verified,22,1,2023-07-22,2023-05-16,Dehradun,82,R
U042,Sneha,sneha42@outlook.com,9638925530,active,Verified,19,0,2024-04-03,2023-10-06,Dehradun,100,S
U043,Rohit,rohit43@gmail.com,9995384010,active,Not Verified,8,0,2023-12-19,2023-12-06,Dehradun,93,R
U044,Sneha,sneha44@yahoo.com,9897113014,active,Verified,21,2,2023-12-29,2023-11-06,Dehradun,87,S
U045,Aditi,aditi45@gmail.com,9679706635,active,Not Verified,27,0,2023-03-15,2023-01-27,Haridwar,85,A
U046,Rahul,rahul46@gmail.com,9207818268,active,Verified,10,2,2024-01-29,2023-11-23,Dehradun,85,R
U047,Pooja,pooja47@yahoo.com,9795596353,active,Verified,9,1,2024-01-27,2023-02-08,Dehradun,96,P
U048,Pooja,pooja48@outlook.com,9736189552,active,Not Verified,19,0,2023-03-28,2023-03-07,Mussoorie,90,P
U049,Arjun,arjun49@gmail.com,9810992903,blocked,Not Verified,22,3,2023-12-21,2023-12-08,Dehradun,70,A
U050,Priya,priya50@gmail.com,9966568420,blocked,Verified,11,0,2023-07-24,2023-05-02,Auli,97,P
U051,Sneha,sneha51@yahoo.com,9630308963,active,Verified,15,0,2024-03-28,2024-02-05,Nainital,100,S
U052,Sneha,sneha52@gmail.com,9766817201,active,Not Verified,29,1,2023-08-04,2023-04-24,Mussoorie,80,S
U053,Aman,aman53@yahoo.com,9980670668,active,Verified,17,2,2024-01-08,2023-07-24,Rishikesh,84,A
U054,Rohit,rohit54@yahoo.com,9847723698,active,Not Verified,34,0,2024-03-30,2023-12-14,Dehradun,86,R
U055,Priya,priya55@outlook.com,9503348118,active,Verified,6,1,2023-06-04,2023-05-16,Mussoorie,92,P
U056,Neha,neha56@gmail.com,9110966126,active,Not Verified,24,1,2023-10-18,2023-09-19,Mussoorie,81,N
U057,Rohit,rohit57@yahoo.com,9914869551,active,Not Verified,34,5,2023-09-24,2023-01-01,Rishikesh,55,R
U058,Aman,aman58@outlook.com,9227997879,active,Not Verified,21,0,2024-01-11,2023-02-05,Rishikesh,89,A
U059,Pooja,pooja59@yahoo.com,9669645229,active,Not Verified,25,4,2024-01-12,2023-07-29,Rishikesh,55,P
U060,Arjun,arjun60@outlook.com,9309364094,active,Verified,19,0,2023-10-11,2023-07-14,Dehradun,99,A
U061,Sneha,sneha61@gmail.com,9146423724,active,Verified,29,5,2024-03-19,2024-02-07,Rishikesh,58,S
U062,Sneha,sneha62@gmail.com,9966089714,active,Verified,10,1,2024-03-30,2024-02-12,Mussoorie,95,S
U063,Rahul,rahul63@outlook.com,9266019861,active,Verified,15,1,2023-08-07,2023-06-21,Dehradun,90,R
U064,Neha,neha64@gmail.com,9285253913,active,Verified,4,0,2024-01-04,2023-05-06,Rishikesh,100,N
U065,Priya,priya65@gmail.com,9598500240,active,Verified,0,0,2024-02-15,2023-03-17,Dehradun,100,P
U066,Arjun,arjun66@yahoo.com,9814355507,active,Verified,29,1,2024-02-27,2023-12-23,Dehradun,88,A
U067,Aditi,aditi67@gmail.com,9681917894,blocked,Verified,33,4,2024-02-12,2023-08-26,Nainital,68,A
U068,Arjun,arjun68@gmail.com,9296857266,active,Not Verified,27,4,2024-03-18,2023-11-10,Haridwar,60,A
U069,Sneha,sneha69@yahoo.com,9465686626,active,Verified,16,2,2023-12-25,2023-09-01,Mussoorie,87,S
U070,Pooja,pooja70@gmail.com,9191307119,active,Verified,4,0,2024-01-01,2023-05-21,Rishikesh,99,P
U071,Aman,aman71@outlook.com,9611252986,blocked,Not Verified,8,1,2023-10-24,2023-10-04,Dehradun,79,A
U072,Priya,priya72@yahoo.com,9740955164,active,Verified,21,3,2023-11-13,2023-08-01,Haridwar,71,P
U073,Aman,aman73@gmail.com,9571646042,blocked,Verified,24,2,2023-07-29,2023-07-19,Rishikesh,83,A
U074,Rohit,rohit74@gmail.com,9624889324,active,Verified,34,1,2023-12-18,2023-08-03,Dehradun,94,R
U075,Aman,aman75@yahoo.com,9600131687,active,Not Verified,24,3,2023-09-13,2023-09-06,Nainital,63,A
U076,Pooja,pooja76@outlook.com,9298113395,active,Verified,1,0,2024-03-30,2023-11-15,Rishikesh,96,P
U077,Aditi,aditi77@outlook.com,9831830562,active,Verified,3,1,2023-10-10,2023-08-25,Rishikesh,90,A
U078,Neha,neha78@outlook.com,9460495747,active,Not Verified,17,3,2024-03-13,2024-01-25,Rishikesh,65,N
U079,Karan,karan79@yahoo.com,9406319819,active,Not Verified,3,1,2024-03-28,2024-01-19,Dehradun,80,K
U080,Arjun,arjun80@outlook.com,9440337263,active,Not Verified,1,0,2023-12-10,2023-11-30,Dehradun,85,A
U081,Neha,neha81@gmail.com,9511725374,blocked,Not Verified,7,0,2023-11-03,2023-03-06,Dehradun,92,N
U082,Pooja,pooja82@yahoo.com,9968930270,active,Verified,7,0,2023-10-01,2023-07-08,Mussoorie,99,P
U083,Aman,aman83@outlook.com,9650226316,active,Not Verified,24,1,2024-03-29,2023-06-09,Mussoorie,78,A
U084,Rohit,rohit84@yahoo.com,9482012137,active,Not Verified,6,1,2024-01-19,2023-11-18,Haridwar,87,R
U085,Priya,priya85@outlook.com,9479588817,active,Verified,2,1,2024-03-19,2024-02-12,Dehradun,97,P
U086,Neha,neha86@yahoo.com,9574850856,active,Verified,0,0,2024-02-23,2023-11-28,Lansdowne,96,N
U087,Arjun,arjun87@yahoo.com,9700951533,active,Verified,9,1,2024-03-18,2023-11-22,Haridwar,96,A
U088,Aman,aman88@outlook.com,9644355521,active,Verified,17,1,2023-12-16,2023-08-27,Nainital,88,A
U089,Arjun,arjun89@outlook.com,9959267796,active,Verified,24,3,2023-12-28,2023-05-05,Rishikesh,76,A
U090,Arjun,arjun90@outlook.com,9234590717,active,Verified,21,4,2023-11-10,2023-07-01,Dehradun,67,A
U091,Aman,aman91@yahoo.com,9707900151,blocked,Verified,15,3,2023-05-21,2023-04-08,Dehradun,79,A
U092,Rohit,rohit92@yahoo.com,9912382030,active,Verified,31,0,2024-02-13,2023-09-01,Dehradun,96,R
U093,Pooja,pooja93@gmail.com,9894502357,active,Not Verified,19,2,2024-01-21,2023-12-21,Rishikesh,76,P
U094,Sneha,sneha94@yahoo.com,9337836392,active,Verified,35,7,2024-02-12,2023-08-06,Dehradun,43,S
U095,Karan,karan95@yahoo.com,9730218265,blocked,Not Verified,12,2,2024-03-06,2023-03-03,Mussoorie,77,K
U096,Aman,aman96@outlook.com,9426670502,active,Verified,30,4,2023-07-28,2023-04-09,Dehradun,71,A
U097,Rohit,rohit97@yahoo.com,9724375451,active,Verified,18,1,2023-05-31,2023-02-21,Mussoorie,91,R
U098,Rohit,rohit98@outlook.com,9938843891,active,Verified,2,1,2023-07-24,2023-03-06,Nainital,89,R
U099,Aman,aman99@gmail.com,9133510880,active,Not Verified,0,0,2023-10-05,2023-09-09,Rishikesh,92,A
U100,Rahul,rahul100@yahoo.com,9550770078,active,Verified,30,0,2023-06-05,2023-01-27,Dehradun,100,R
U101,Aman,aman101@yahoo.com,9837978161,active,Not Verified,9,1,2023-12-02,2023-11-19,Dehradun,78,A
U102,Pooja,pooja102@yahoo.com,9898059320,active,Verified,14,1,2024-03-20,2024-01-27,Dehradun,94,P
U103,Karan,karan103@yahoo.com,9701404019,blocked,Not Verified,19,0,2024-02-15,2023-10-29,Dehradun,94,K
U104,Arjun,arjun104@yahoo.com,9976368226,active,Not Verified,13,0,2024-02-21,2024-01-26,Dehradun,87,A
U105,Aditi,aditi105@yahoo.com,9520884378,active,Not Verified,0,0,2023-04-29,2023-02-08,Dehradun,89,A
U106,Neha,neha106@gmail.com,9861141726,active,Not Verified,29,1,2024-02-02,2023-12-28,Mussoorie,81,N
U107,Rahul,rahul107@gmail.com,9505414006,active,Verified,27,1,2024-02-28,2024-02-16,Nainital,97,R
U108,Aman,aman108@outlook.com,9205709995,blocked,Not Verified,4,1,2024-03-08,2024-02-28,Haridwar,86,A
U109,Sneha,sneha109@outlook.com,9748211707,active,Verified,7,1,2024-01-07,2023-05-28,Rishikesh,93,S
U110,Karan,karan110@outlook.com,9302591003,active,Verified,5,1,2023-12-31,2023-09-10,Dehradun,92,K
U111,Karan,karan111@yahoo.com,9867452277,active,Verified,1,1,2023-06-13,2023-02-16,Haridwar,96,K
U112,Aman,aman112@gmail.com,9218381580,active,Verified,33,2,2023-11-26,2023-03-31,Rishikesh,81,A
U113,Aditi,aditi113@yahoo.com,9418233304,active,Not Verified,5,1,2024-03-23,2024-02-21,Mussoorie,82,A
U114,Aman,aman114@outlook.com,9342213209,active,Not Verified,26,2,2023-09-08,2023-03-24,Haridwar,79,A
U115,Neha,neha115@outlook.com,9153284323,active,Verified,29,2,2023-10-18,2023-10-09,Lansdowne,84,N
U116,Sneha,sneha116@outlook.com,9313448445,active,Not Verified,34,0,2023-07-26,2023-07-26,Rishikesh,88,S
U117,Aditi,aditi117@outlook.com,9529234354,active,Verified,28,1,2024-03-26,2024-01-23,Dehradun,91,A
U118,Neha,neha118@yahoo.com,9290112893,active,Verified,31,5,2024-01-07,2023-05-28,Mussoorie,64,N
U119,Karan,karan119@outlook.com,9444026053,active,Not Verified,0,0,2024-03-17,2023-06-09,Rishikesh,88,K
U120,Aman,aman120@gmail.com,9155721781,blocked,Not Verified,9,1,2024-01-27,2023-03-02,Dehradun,85,A
U121,Rohit,rohit121@outlook.com,9783552785,active,Not Verified,15,1,2024-01-03,2023-09-05,Auli,83,R
U122,Rahul,rahul122@yahoo.com,9666210302,active,Verified,8,1,2024-03-27,2023-09-18,Auli,93,R
U123,Arjun,arjun123@yahoo.com,9455521431,active,Verified,0,0,2023-11-24,2023-09-17,Chakrata,100,A
U124,Rahul,rahul124@gmail.com,9650593303,active,Verified,28,2,2023-10-16,2023-09-08,Haridwar,84,R
U125,Sneha,sneha125@outlook.com,9454530331,active,Verified,20,1,2024-03-02,2023-07-13,Dehradun,96,S
U126,Neha,neha126@gmail.com,9794508157,active,Not Verified,2,1,2024-03-25,2024-02-02,Chakrata,83,N
U127,Aman,aman127@yahoo.com,9998853062,active,Not Verified,9,0,2024-04-02,2024-02-10,Lansdowne,87,A
U128,Rohit,rohit128@gmail.com,9789205366,blocked,Not Verified,28,3,2023-08-09,2023-06-19,Dehradun,61,R
U129,Aditi,aditi129@gmail.com,9619295367,active,Verified,4,1,2024-01-10,2023-12-02,Mussoorie,92,A
U130,Sneha,sneha130@outlook.com,9682217509,active,Not Verified,21,4,2023-12-19,2023-11-29,Mussoorie,59,S
U131,Rahul,rahul131@outlook.com,9302450439,active,Not Verified,34,0,2024-03-26,2024-01-24,Mussoorie,88,R
U132,Neha,neha132@outlook.com,9479306775,blocked,Verified,5,0,2023-09-21,2023-05-28,Nainital,100,N
U133,Pooja,pooja133@yahoo.com,9113865145,active,Not Verified,19,0,2023-09-27,2023-08-16,Dehradun,90,P
U134,Aman,aman134@yahoo.com,9995355052,blocked,Verified,9,1,2024-02-16,2023-07-11,Haridwar,96,A
U135,Priya,priya135@gmail.com,9646796990,blocked,Not Verified,5,1,2023-06-26,2023-03-29,Dehradun,86,P
U136,Rohit,rohit136@outlook.com,9995272562,active,Verified,14,1,2023-12-01,2023-10-26,Mussoorie,94,R
U137,Pooja,pooja137@outlook.com,9909617954,active,Not Verified,18,1,2024-03-16,2024-02-16,Auli,78,P
U138,Sneha,sneha138@outlook.com,9443649522,active,Verified,27,3,2024-01-12,2023-10-28,Chakrata,75,S
U139,Rohit,rohit139@gmail.com,9121440098,active,Not Verified,15,2,2023-10-02,2023-09-05,Chakrata,78,R
U140,Arjun,arjun140@gmail.com,9682316741,blocked,Not Verified,25,4,2023-06-12,2023-06-01,Haridwar,63,A
U141,Rahul,rahul141@outlook.com,9203842453,active,Verified,31,2,2023-12-02,2023-01-26,Haridwar,82,R
U142,Karan,karan142@gmail.com,9277108436,blocked,Not Verified,12,2,2024-03-13,2023-04-23,Haridwar,79,K
U143,Neha,neha143@gmail.com,9881938808,active,Not Verified,2,1,2023-12-12,2023-11-18,Rishikesh,77,N
U144,Rohit,rohit144@gmail.com,9494688264,active,Not Verified,18,3,2023-04-24,2023-03-09,Dehradun,63,R
U145,Karan,karan145@yahoo.com,9926456288,active,Not Verified,33,2,2024-01-05,2023-10-04,Nainital,71,K
U146,Aditi,aditi146@outlook.com,9848019226,active,Not Verified,18,2,2024-03-28,2023-09-04,Lansdowne,70,A
U147,Arjun,arjun147@gmail.com,9361129934,active,Not Verified,14,2,2024-04-03,2023-03-14,Lansdowne,79,A
U148,Aman,aman148@gmail.com,9383529155,active,Verified,23,3,2024-03-22,2024-02-16,Rishikesh,71,A
U149,Aditi,aditi149@gmail.com,9610780956,blocked,Verified,16,2,2023-11-23,2023-08-21,Dehradun,80,A
U150,Aman,aman150@yahoo.com,9137369273,active,Not Verified,35,3,2023-11-26,2023-01-13,Mussoorie,71,A
U151,Rahul,rahul151@yahoo.com,9629369986,active,Not Verified,19,0,2024-02-21,2023-08-26,Auli,87,R
U152,Priya,priya152@outlook.com,9660565452,active,Verified,7,0,2024-02-12,2023-06-05,Rishikesh,100,P
U153,Arjun,arjun153@outlook.com,9769910529,active,Verified,26,5,2024-03-25,2024-01-16,Mussoorie,57,A
U154,Aditi,aditi154@yahoo.com,9968194091,blocked,Not Verified,26,2,2024-02-12,2023-09-08,Rishikesh,69,A
U155,Karan,karan155@gmail.com,9344610614,active,Not Verified,15,0,2023-12-07,2023-08-16,Rishikesh,95,K
U156,Sneha,sneha156@yahoo.com,9359814882,active,Verified,3,0,2024-02-26,2023-11-27,Dehradun,96,S
U157,Rohit,rohit157@outlook.com,9233858653,active,Verified,1,1,2024-03-12,2023-04-19,Haridwar,90,R
U158,Rohit,rohit158@outlook.com,9118614755,active,Verified,35,3,2023-05-21,2023-04-16,Haridwar,74,R
U159,Arjun,arjun159@gmail.com,9128144267,active,Verified,0,0,2024-04-05,2024-02-08,Dehradun,97,A
U160,Rahul,rahul160@gmail.com,9247022129,active,Verified,1,1,2023-05-26,2023-03-31,Rishikesh,90,R
U161,Karan,karan161@outlook.com,9767021268,active,Verified,3,1,2023-08-13,2023-03-31,Haridwar,95,K
U162,Pooja,pooja162@gmail.com,9659810456,active,Verified,23,0,2023-12-24,2023-09-01,Dehradun,100,P
U163,Arjun,arjun163@yahoo.com,9902926301,active,Not Verified,33,5,2023-11-22,2023-11-11,Chakrata,45,A
U164,Pooja,pooja164@gmail.com,9833672315,active,Verified,6,1,2024-02-28,2023-07-25,Rishikesh,88,P
U165,Karan,karan165@gmail.com,9795394609,active,Verified,8,1,2023-04-19,2023-03-17,Rishikesh,93,K
U166,Aditi,aditi166@yahoo.com,9973265215,active,Not Verified,27,5,2023-12-28,2023-08-21,Mussoorie,46,A
U167,Karan,karan167@yahoo.com,9745303183,active,Not Verified,13,0,2024-04-08,2024-01-29,Haridwar,91,K
U168,Karan,karan168@gmail.com,9407504888,active,Verified,6,1,2024-02-21,2023-07-24,Rishikesh,97,K
U169,Aditi,aditi169@outlook.com,9342739096,active,Not Verified,30,6,2024-03-05,2023-03-20,Rishikesh,38,A
U170,Aman,aman170@outlook.com,9608995911,active,Not Verified,8,1,2024-03-04,2024-01-17,Rishikesh,87,A
U171,Pooja,pooja171@outlook.com,9429427552,active,Not Verified,27,5,2024-04-05,2023-12-07,Mussoorie,45,P
U172,Karan,karan172@outlook.com,9547652281,active,Not Verified,32,5,2023-08-22,2023-06-30,Haridwar,52,K
U173,Neha,neha173@gmail.com,9991800513,active,Not Verified,23,2,2024-04-08,2023-06-29,Haridwar,78,N
U174,Neha,neha174@gmail.com,9426446009,active,Verified,35,4,2024-03-22,2023-10-15,Dehradun,63,N
U175,Priya,priya175@outlook.com,9159318659,active,Verified,21,1,2024-03-05,2024-01-26,Mussoorie,89,P
U176,Rohit,rohit176@yahoo.com,9716490751,active,Verified,1,0,2023-04-18,2023-02-05,Rishikesh,100,R
U177,Pooja,pooja177@outlook.com,9459215072,active,Not Verified,19,0,2023-09-27,2023-03-22,Dehradun,85,P
U178,Aditi,aditi178@gmail.com,9928251807,active,Verified,5,1,2023-11-25,2023-11-13,Rishikesh,94,A
U179,Rohit,rohit179@gmail.com,9266454187,active,Verified,32,3,2023-09-07,2023-05-20,Mussoorie,72,R
U180,Rohit,rohit180@outlook.com,9754574528,active,Not Verified,33,0,2024-03-03,2023-10-31,Chakrata,88,R
U181,Arjun,arjun181@yahoo.com,9868930238,blocked,Not Verified,13,0,2023-02-01,2023-01-29,Dehradun,87,A
U182,Karan,karan182@gmail.com,9287303800,active,Not Verified,0,0,2023-08-17,2023-06-17,Rishikesh,87,K
U183,Sneha,sneha183@gmail.com,9961715187,active,Not Verified,32,5,2024-01-25,2023-12-27,Rishikesh,50,S
U184,Rohit,rohit184@gmail.com,9110222106,active,Not Verified,27,0,2024-01-20,2024-01-15,Rishikesh,90,R
U185,Arjun,arjun185@gmail.com,9845887929,active,Not Verified,18,0,2024-02-25,2023-07-27,Haridwar,90,A
U186,Sneha,sneha186@gmail.com,9506220261,active,Not Verified,23,0,2024-03-09,2023-11-13,Mussoorie,88,S
U187,Pooja,pooja187@yahoo.com,9128004931,active,Verified,25,5,2023-10-16,2023-09-26,Rishikesh,60,P
U188,Aman,aman188@outlook.com,9880463250,active,Verified,32,4,2023-05-06,2023-03-28,Nainital,71,A
U189,Aman,aman189@gmail.com,9497623376,active,Verified,9,0,2023-12-24,2023-06-28,Dehradun,99,A
U190,Rohit,rohit190@yahoo.com,9835383845,blocked,Not Verified,4,1,2024-02-18,2023-03-20,Mussoorie,84,R
U191,Rohit,rohit191@yahoo.com,9238385108,active,Verified,20,2,2024-02-15,2023-10-24,Dehradun,81,R
U192,Rohit,rohit192@outlook.com,9498901344,active,Verified,19,0,2024-01-23,2023-08-15,Dehradun,100,R
U193,Neha,neha193@yahoo.com,9984751955,active,Verified,2,1,2023-12-18,2023-08-25,Nainital,88,N
U194,Priya,priya194@gmail.com,9819544951,blocked,Not Verified,32,4,2023-12-27,2023-02-16,Nainital,61,P
U195,Rahul,rahul195@yahoo.com,9444798131,active,Not Verified,12,1,2024-04-07,2023-08-19,Auli,85,R
U196,Aman,aman196@gmail.com,9139201970,active,Not Verified,21,0,2023-09-14,2023-08-19,Dehradun,93,A
U197,Neha,neha197@outlook.com,9301816140,active,Not Verified,28,4,2023-12-17,2023-05-07,Rishikesh,55,N
U198,Neha,neha198@outlook.com,9735070747,active,Verified,26,5,2023-12-09,2023-05-25,Haridwar,64,N
U199,Rohit,rohit199@gmail.com,9144395566,active,Verified,4,1,2024-02-21,2023-11-28,Mussoorie,91,R
U200,Neha,neha200@outlook.com,9422238151,active,Not Verified,21,1,2024-01-10,2023-12-03,Lansdowne,82,N
U201,Priya,priya201@gmail.com,9281620117,active,Not Verified,25,5,2024-03-17,2023-12-24,Mussoorie,46,P
U202,Neha,neha202@yahoo.com,9413896621,blocked,Verified,8,0,2024-02-18,2023-11-26,Rishikesh,100,N
U203,Neha,neha203@yahoo.com,9785713777,blocked,Not Verified,23,1,2023-07-14,2023-07-05,Rishikesh,82,N
U204,Arjun,arjun204@gmail.com,9453272394,blocked,Not Verified,9,0,2023-07-05,2023-04-26,Rishikesh,93,A
U205,Aditi,aditi205@yahoo.com,9334946000,active,Verified,2,0,2024-03-21,2024-01-14,Dehradun,100,A
U206,Priya,priya206@yahoo.com,9303703340,active,Verified,10,0,2024-03-22,2023-04-03,Mussoorie,100,P
U207,Rahul,rahul207@gmail.com,9346830319,active,Not Verified,18,3,2023-12-15,2023-05-02,Dehradun,64,R
U208,Rahul,rahul208@yahoo.com,9594630521,blocked,Not Verified,30,1,2024-04-09,2024-02-19,Auli,82,R
U209,Karan,karan209@outlook.com,9762652656,active,Verified,18,3,2023-12-10,2023-08-14,Haridwar,73,K
U210,Arjun,arjun210@outlook.com,9105145509,active,Verified,3,1,2023-07-18,2023-03-12,Mussoorie,95,A
U211,Rahul,rahul211@outlook.com,9154326494,active,Verified,18,1,2023-10-23,2023-09-22,Nainital,91,R
U212,Rahul,rahul212@gmail.com,9122567013,active,Not Verified,5,0,2023-10-26,2023-03-17,Auli,92,R
U213,Aditi,aditi213@gmail.com,9614867007,active,Verified,25,1,2023-08-14,2023-08-01,Rishikesh,93,A
U214,Priya,priya214@gmail.com,9266276701,active,Verified,6,1,2023-06-27,2023-01-15,Dehradun,89,P
U215,Aman,aman215@yahoo.com,9940097622,active,Not Verified,8,1,2024-03-30,2024-02-29,Dehradun,84,A
U216,Aditi,aditi216@yahoo.com,9230175997,blocked,Not Verified,16,1,2023-02-19,2023-02-10,Mussoorie,85,A
U217,Rahul,rahul217@outlook.com,9885338010,active,Verified,18,0,2023-09-02,2023-08-05,Rishikesh,95,R
U218,Rahul,rahul218@gmail.com,9814356628,active,Not Verified,29,3,2024-03-21,2024-02-11,Dehradun,70,R
U219,Pooja,pooja219@outlook.com,9242860843,active,Not Verified,15,2,2024-02-15,2023-09-21,Mussoorie,75,P
U220,Priya,priya220@yahoo.com,9433498850,active,Verified,26,5,2024-02-20,2023-05-04,Lansdowne,56,P
U221,Rahul,rahul221@gmail.com,9717688389,active,Verified,34,4,2023-10-31,2023-02-04,Rishikesh,71,R
U222,Sneha,sneha222@yahoo.com,9699667091,active,Not Verified,24,2,2023-09-09,2023-08-29,Haridwar,69,S
U223,Pooja,pooja223@yahoo.com,9743481593,active,Not Verified,6,1,2023-10-27,2023-06-26,Rishikesh,79,P
U224,Priya,priya224@gmail.com,9307460095,active,Verified,29,3,2023-09-20,2023-06-23,Haridwar,81,P
U225,Aditi,aditi225@outlook.com,9861621365,active,Verified,29,1,2024-02-03,2023-02-02,Nainital,87,A
U226,Neha,neha226@outlook.com,9300521336,active,Verified,32,6,2023-11-16,2023-06-11,Dehradun,55,N
U227,Sneha,sneha227@gmail.com,9410966258,active,Not Verified,18,0,2024-02-14,2024-01-21,Dehradun,95,S
U228,Arjun,arjun228@yahoo.com,9222846628,active,Verified,27,5,2024-03-08,2024-02-14,Rishikesh,62,A
U229,Rohit,rohit229@yahoo.com,9235589156,active,Verified,31,6,2023-12-16,2023-04-06,Haridwar,55,R
U230,Rohit,rohit230@gmail.com,9210351370,active,Not Verified,5,0,2024-03-02,2024-01-08,Rishikesh,93,R
U231,Sneha,sneha231@outlook.com,9578881558,blocked,Verified,18,3,2023-07-27,2023-02-10,Rishikesh,73,S
U232,Aman,aman232@outlook.com,9491084416,active,Not Verified,22,3,2023-08-27,2023-08-17,Chakrata,65,A
U233,Rohit,rohit233@yahoo.com,9400606198,active,Verified,25,5,2023-03-09,2023-01-30,Auli,65,R
U234,Karan,karan234@gmail.com,9639177220,blocked,Not Verified,28,0,2024-01-20,2023-03-15,Mussoorie,88,K
U235,Pooja,pooja235@gmail.com,9378762185,active,Verified,2,1,2024-01-17,2023-07-05,Rishikesh,92,P
U236,Sneha,sneha236@gmail.com,9468770172,active,Verified,8,1,2023-11-29,2023-02-09,Dehradun,92,S
U237,Karan,karan237@yahoo.com,9228377127,active,Verified,11,1,2023-03-13,2023-02-28,Dehradun,95,K
U238,Rohit,rohit238@yahoo.com,9495251203,active,Verified,13,1,2023-12-28,2023-05-14,Dehradun,94,R
U239,Pooja,pooja239@outlook.com,9172025778,blocked,Not Verified,11,1,2023-09-26,2023-02-07,Lansdowne,78,P
U240,Aditi,aditi240@yahoo.com,9101693434,active,Not Verified,4,1,2023-12-07,2023-06-13,Mussoorie,81,A
U241,Arjun,arjun241@yahoo.com,9644617540,active,Not Verified,11,2,2024-03-15,2023-12-25,Chakrata,72,A
U242,Priya,priya242@outlook.com,9853542266,active,Not Verified,15,0,2024-02-18,2024-02-10,Mussoorie,90,P
U243,Arjun,arjun243@gmail.com,9130494387,active,Not Verified,35,1,2024-03-20,2023-08-28,Rishikesh,78,A
U244,Neha,neha244@yahoo.com,9685022956,active,Not Verified,30,6,2024-04-04,2024-01-03,Dehradun,43,N
U245,Sneha,sneha245@outlook.com,9213925915,active,Verified,28,4,2023-07-19,2023-06-12,Nainital,68,S
U246,Aman,aman246@outlook.com,9148497363,active,Not Verified,8,0,2024-02-27,2024-02-04,Dehradun,86,A
U247,Aditi,aditi247@gmail.com,9732733711,active,Verified,20,1,2023-06-16,2023-03-26,Nainital,92,A
U248,Karan,karan248@outlook.com,9985391267,active,Not Verified,12,2,2023-06-18,2023-02-10,Mussoorie,73,K
U249,Rohit,rohit249@outlook.com,9103178346,active,Verified,5,0,2024-03-26,2023-11-11,Dehradun,100,R
U250,Priya,priya250@yahoo.com,9902031509,active,Not Verified,2,0,2024-02-28,2023-12-04,Auli,86,P
U251,Aditi,aditi251@gmail.com,9799456026,active,Verified,13,1,2024-03-03,2024-01-30,Dehradun,96,A
U252,Priya,priya252@yahoo.com,9132687073,active,Verified,18,2,2024-04-05,2023-11-18,Haridwar,86,P
U253,Sneha,sneha253@yahoo.com,9111684422,active,Not Verified,19,0,2024-02-06,2023-12-17,Rishikesh,87,S
U254,Neha,neha254@yahoo.com,9305210666,blocked,Not Verified,21,2,2023-10-17,2023-08-26,Chakrata,74,N
U255,Rohit,rohit255@outlook.com,9933751695,active,Not Verified,8,0,2024-01-16,2023-06-26,Rishikesh,90,R
U256,Aditi,aditi256@yahoo.com,9829911369,active,Verified,15,0,2024-01-02,2023-05-17,Nainital,99,A
U257,Neha,neha257@yahoo.com,9621789566,active,Verified,10,2,2023-10-05,2023-08-03,Haridwar,84,N
U258,Aditi,aditi258@yahoo.com,9378290275,active,Verified,29,2,2024-01-22,2023-09-13,Dehradun,86,A
U259,Karan,karan259@yahoo.com,9249472770,active,Not Verified,29,1,2024-04-04,2023-07-21,Dehradun,86,K
U260,Neha,neha260@yahoo.com,9321085416,active,Verified,30,0,2024-02-02,2023-05-25,Dehradun,96,N
U261,Arjun,arjun261@outlook.com,9556228621,active,Not Verified,25,3,2023-11-19,2023-05-16,Mussoorie,61,A
U262,Pooja,pooja262@outlook.com,9758271301,active,Not Verified,4,1,2023-11-29,2023-07-05,Haridwar,85,P
U263,Pooja,pooja263@yahoo.com,9626194077,active,Not Verified,8,1,2023-12-16,2023-11-16,Mussoorie,82,P
U264,Sneha,sneha264@gmail.com,9820199765,active,Verified,12,1,2023-09-18,2023-07-07,Dehradun,95,S
U265,Aman,aman265@yahoo.com,9825295616,active,Not Verified,21,4,2024-03-11,2023-03-12,Mussoorie,60,A
U266,Priya,priya266@yahoo.com,9709753890,active,Not Verified,20,2,2023-10-26,2023-09-21,Chakrata,71,P
U267,Rohit,rohit267@gmail.com,9709421594,active,Verified,21,4,2024-02-21,2024-01-14,Mussoorie,71,R
U268,Pooja,pooja268@outlook.com,9630013955,active,Verified,1,0,2024-02-01,2023-06-03,Rishikesh,100,P
U269,Arjun,arjun269@outlook.com,9944436957,blocked,Verified,1,1,2024-04-04,2024-01-07,Mussoorie,97,A
U270,Rohit,rohit270@yahoo.com,9524381645,blocked,Not Verified,30,5,2023-05-23,2023-04-27,Haridwar,54,R
U271,Rahul,rahul271@outlook.com,9276969067,active,Not Verified,15,0,2024-02-28,2023-03-17,Rishikesh,88,R
U272,Aditi,aditi272@outlook.com,9265151943,blocked,Verified,26,3,2023-09-10,2023-08-03,Mussoorie,79,A
U273,Sneha,sneha273@gmail.com,9920339479,active,Not Verified,3,0,2024-04-09,2023-08-30,Chakrata,93,S
U274,Rahul,rahul274@yahoo.com,9347311424,active,Verified,24,1,2024-01-14,2023-09-02,Rishikesh,94,R
U275,Priya,priya275@outlook.com,9394975631,active,Verified,30,1,2023-11-13,2023-07-01,Dehradun,91,P
U276,Sneha,sneha276@gmail.com,9160059829,active,Verified,13,1,2023-10-27,2023-06-02,Rishikesh,92,S
U277,Aditi,aditi277@gmail.com,9152561837,active,Verified,17,3,2024-03-29,2024-02-12,Auli,77,A
U278,Priya,priya278@yahoo.com,9804074428,active,Not Verified,18,0,2024-02-25,2024-02-16,Mussoorie,90,P
U279,Karan,karan279@outlook.com,9255313778,active,Verified,13,2,2024-03-19,2024-01-18,Mussoorie,83,K
U280,Karan,karan280@yahoo.com,9119453385,active,Verified,15,1,2023-05-06,2023-03-12,Dehradun,97,K
U281,Sneha,sneha281@outlook.com,9780746771,active,Not Verified,30,6,2023-10-23,2023-07-31,Lansdowne,39,S
U282,Priya,priya282@gmail.com,9716973119,active,Not Verified,30,1,2023-10-16,2023-03-22,Dehradun,81,P
U283,Aditi,aditi283@gmail.com,9340207619,blocked,Not Verified,5,0,2024-02-28,2023-01-31,Mussoorie,93,A
U284,Pooja,pooja284@gmail.com,9469584986,active,Verified,26,1,2023-04-19,2023-01-20,Haridwar,87,P
U285,Priya,priya285@yahoo.com,9796168813,active,Verified,2,0,2023-09-01,2023-04-06,Rishikesh,100,P
U286,Aman,aman286@yahoo.com,9962331774,active,Not Verified,31,1,2024-04-07,2023-11-25,Dehradun,85,A
U287,Karan,karan287@yahoo.com,9509518619,active,Verified,21,3,2024-02-26,2024-02-19,Mussoorie,81,K
U288,Rohit,rohit288@yahoo.com,9240934193,blocked,Verified,21,4,2024-01-20,2023-01-08,Dehradun,73,R
U289,Rahul,rahul289@yahoo.com,9554557265,blocked,Verified,27,0,2024-02-20,2023-11-09,Dehradun,100,R
U290,Sneha,sneha290@gmail.com,9445855522,active,Not Verified,20,0,2023-11-12,2023-03-13,Dehradun,89,S
U291,Karan,karan291@yahoo.com,9121328442,active,Not Verified,21,4,2024-02-24,2024-01-21,Mussoorie,53,K
U292,Aditi,aditi292@outlook.com,9238237306,active,Verified,3,1,2024-01-20,2023-12-21,Rishikesh,91,A
U293,Neha,neha293@yahoo.com,9598408680,active,Not Verified,19,2,2024-03-13,2023-09-15,Dehradun,74,N
U294,Arjun,arjun294@outlook.com,9956843513,blocked,Verified,9,1,2023-11-09,2023-03-10,Rishikesh,93,A
U295,Sneha,sneha295@gmail.com,9424020022,blocked,Not Verified,34,6,2024-03-10,2023-08-30,Dehradun,40,S
U296,Sneha,sneha296@outlook.com,9210382503,active,Verified,5,1,2024-04-07,2024-01-22,Dehradun,88,S
U297,Arjun,arjun297@yahoo.com,9728398190,active,Verified,32,4,2024-04-04,2024-02-29,Rishikesh,65,A
U298,Aditi,aditi298@gmail.com,9767471673,active,Verified,7,1,2024-01-15,2023-09-24,Rishikesh,88,A
U299,Aditi,aditi299@yahoo.com,9606658703,active,Verified,8,1,2023-09-18,2023-01-29,Mussoorie,96,A
U300,Aditi,aditi300@outlook.com,9319174910,active,Not Verified,19,3,2024-03-23,2023-12-11,Haridwar,65,A
U301,Karan,karan301@gmail.com,9928578883,active,Not Verified,2,0,2023-11-11,2023-10-24,Auli,93,K
U302,Rohit,rohit302@gmail.com,9612306316,blocked,Not Verified,2,0,2023-10-04,2023-02-05,Mussoorie,87,R
U303,Karan,karan303@gmail.com,9323841647,active,Not Verified,26,3,2024-03-31,2024-01-09,Rishikesh,68,K
U304,Arjun,arjun304@gmail.com,9231103879,active,Verified,34,6,2024-03-09,2023-12-16,Dehradun,52,A
U305,Karan,karan305@yahoo.com,9306512504,blocked,Verified,33,1,2024-01-11,2023-10-03,Dehradun,87,K
U306,Pooja,pooja306@outlook.com,9827320599,active,Verified,34,3,2024-01-25,2023-06-02,Rishikesh,74,P
U307,Aditi,aditi307@gmail.com,9680692260,active,Verified,12,2,2023-08-09,2023-03-21,Haridwar,80,A
U308,Neha,neha308@gmail.com,9402268844,active,Not Verified,1,0,2024-01-07,2023-08-03,Dehradun,86,N
U309,Priya,priya309@gmail.com,9123107701,active,Not Verified,15,3,2023-11-15,2023-11-03,Rishikesh,68,P
U310,Aman,aman310@outlook.com,9669951655,blocked,Not Verified,8,1,2024-01-29,2024-01-22,Mussoorie,80,A
U311,Priya,priya311@yahoo.com,9523980383,active,Verified,20,1,2024-03-24,2023-10-23,Dehradun,97,P
U312,Pooja,pooja312@outlook.com,9403938542,blocked,Not Verified,3,0,2023-10-21,2023-06-03,Rishikesh,95,P
U313,Priya,priya313@outlook.com,9757154612,active,Not Verified,22,3,2023-09-23,2023-09-11,Mussoorie,69,P
U314,Arjun,arjun314@gmail.com,9751950520,active,Not Verified,19,3,2023-10-13,2023-07-29,Rishikesh,64,A
U315,Rahul,rahul315@yahoo.com,9938302511,active,Not Verified,29,4,2024-01-16,2023-12-29,Mussoorie,59,R
U316,Priya,priya316@outlook.com,9792854871,active,Not Verified,15,2,2023-09-24,2023-03-10,Auli,79,P
U317,Pooja,pooja317@gmail.com,9828835784,active,Verified,34,1,2023-08-25,2023-07-09,Rishikesh,87,P
U318,Karan,karan318@yahoo.com,9310194058,blocked,Verified,2,0,2024-04-08,2023-11-06,Mussoorie,100,K
U319,Sneha,sneha319@yahoo.com,9142344155,active,Verified,13,1,2023-12-23,2023-04-22,Dehradun,91,S
U320,Neha,neha320@yahoo.com,9112766264,blocked,Verified,30,5,2023-06-07,2023-04-08,Dehradun,64,N
U321,Priya,priya321@gmail.com,9539020883,active,Verified,20,3,2024-02-09,2023-05-03,Mussoorie,78,P
U322,Aditi,aditi322@outlook.com,9787819070,active,Verified,23,3,2023-10-18,2023-06-07,Haridwar,78,A
U323,Aditi,aditi323@outlook.com,9422498380,active,Verified,20,2,2024-03-05,2024-01-05,Dehradun,84,A
U324,Sneha,sneha324@yahoo.com,9695866357,active,Not Verified,1,1,2023-07-07,2023-04-24,Dehradun,81,S
U325,Pooja,pooja325@outlook.com,9871281332,blocked,Not Verified,15,2,2023-11-08,2023-04-28,Haridwar,73,P
U326,Karan,karan326@outlook.com,9914482740,active,Not Verified,31,5,2024-03-28,2024-01-06,Dehradun,50,K
U327,Aditi,aditi327@gmail.com,9810330113,active,Verified,11,2,2024-02-09,2023-10-07,Rishikesh,89,A
U328,Priya,priya328@gmail.com,9476270873,active,Not Verified,3,1,2024-04-01,2023-02-08,Dehradun,79,P
U329,Neha,neha329@outlook.com,9370993490,active,Not Verified,0,0,2024-01-17,2023-12-29,Mussoorie,90,N
U330,Rohit,rohit330@gmail.com,9385443433,active,Verified,30,0,2024-04-05,2023-12-08,Mussoorie,95,R
U331,Karan,karan331@outlook.com,9532972976,active,Not Verified,33,4,2023-01-15,2023-01-07,Rishikesh,57,K
U332,Karan,karan332@gmail.com,9811449657,active,Verified,27,1,2024-03-19,2023-12-24,Rishikesh,88,K
U333,Priya,priya333@gmail.com,9215692631,active,Not Verified,33,2,2023-08-10,2023-05-04,Dehradun,73,P
U334,Aman,aman334@yahoo.com,9453859288,blocked,Verified,15,1,2024-03-18,2023-07-27,Haridwar,91,A
U335,Arjun,arjun335@outlook.com,9893931728,active,Verified,2,1,2024-01-11,2023-02-11,Rishikesh,93,A
U336,Neha,neha336@yahoo.com,9556620746,active,Verified,10,1,2023-11-25,2023-11-23,Mussoorie,97,N
U337,Arjun,arjun337@outlook.com,9786550195,active,Not Verified,2,1,2023-11-15,2023-02-18,Auli,81,A
U338,Rohit,rohit338@gmail.com,9807889568,active,Not Verified,34,0,2024-01-21,2023-12-17,Dehradun,87,R
U339,Rahul,rahul339@yahoo.com,9103520770,active,Verified,9,1,2024-02-11,2023-04-17,Dehradun,88,R
U340,Arjun,arjun340@gmail.com,9342352295,active,Verified,24,4,2024-02-18,2023-05-04,Haridwar,68,A
U341,Aman,aman341@outlook.com,9494998444,active,Not Verified,5,1,2024-02-28,2023-03-13,Rishikesh,77,A
U342,Sneha,sneha342@gmail.com,9334090317,active,Verified,25,2,2023-08-01,2023-02-08,Dehradun,79,S
U343,Karan,karan343@gmail.com,9625856207,active,Not Verified,14,1,2023-12-22,2023-08-19,Mussoorie,83,K
U344,Priya,priya344@yahoo.com,9713819567,blocked,Verified,5,1,2024-03-11,2023-12-05,Dehradun,90,P
U345,Aditi,aditi345@yahoo.com,9768026707,active,Not Verified,24,1,2023-08-04,2023-05-18,Rishikesh,83,A
U346,Arjun,arjun346@gmail.com,9735078049,active,Not Verified,19,2,2023-02-18,2023-02-16,Dehradun,70,A
U347,Sneha,sneha347@outlook.com,9404354436,active,Verified,35,6,2023-12-01,2023-08-09,Dehradun,48,S
U348,Karan,karan348@yahoo.com,9937408569,active,Verified,20,0,2023-11-03,2023-10-11,Rishikesh,99,K
U349,Karan,karan349@yahoo.com,9971811821,active,Not Verified,35,3,2024-02-19,2023-02-13,Dehradun,70,K
U350,Arjun,arjun350@yahoo.com,9549505508,active,Verified,8,1,2023-10-08,2023-07-14,Dehradun,94,A
U351,Aman,aman351@outlook.com,9690406901,active,Verified,26,0,2023-10-20,2023-08-11,Auli,100,A
U352,Aman,aman352@yahoo.com,9519875809,active,Verified,31,1,2024-03-25,2024-01-05,Dehradun,94,A
U353,Sneha,sneha353@gmail.com,9120995180,active,Not Verified,21,3,2023-07-25,2023-01-04,Rishikesh,66,S
U354,Pooja,pooja354@outlook.com,9155901781,active,Not Verified,8,0,2024-04-03,2024-02-22,Dehradun,92,P
U355,Aman,aman355@gmail.com,9666922120,active,Verified,18,3,2024-01-02,2023-07-23,Rishikesh,80,A
U356,Sneha,sneha356@yahoo.com,9218753474,active,Verified,23,4,2023-12-11,2023-05-24,Chakrata,66,S
U357,Neha,neha357@outlook.com,9925714650,active,Not Verified,35,7,2024-03-17,2023-04-03,Haridwar,32,N
U358,Rahul,rahul358@yahoo.com,9626037212,active,Verified,26,1,2024-03-05,2024-03-01,Dehradun,97,R
U359,Arjun,arjun359@outlook.com,9123807027,active,Verified,27,0,2024-01-12,2023-12-04,Rishikesh,100,A
U360,Priya,priya360@outlook.com,9985066202,active,Not Verified,26,2,2024-04-09,2023-07-25,Mussoorie,77,P
U361,Sneha,sneha361@outlook.com,9312270207,active,Verified,15,2,2023-04-09,2023-02-13,Mussoorie,81,S
U362,Pooja,pooja362@yahoo.com,9699217513,active,Verified,25,2,2024-03-29,2023-10-16,Dehradun,85,P
U363,Neha,neha363@yahoo.com,9562496517,blocked,Verified,32,4,2023-09-03,2023-05-13,Mussoorie,72,N
U364,Priya,priya364@gmail.com,9259626681,blocked,Not Verified,25,5,2023-11-20,2023-08-17,Rishikesh,54,P
U365,Sneha,sneha365@yahoo.com,9195587462,active,Not Verified,30,3,2023-07-08,2023-06-26,Haridwar,62,S
U366,Arjun,arjun366@gmail.com,9164930732,active,Not Verified,22,3,2024-01-27,2024-01-09,Rishikesh,64,A
U367,Aman,aman367@outlook.com,9387127061,active,Verified,28,3,2023-09-25,2023-09-01,Rishikesh,76,A
U368,Karan,karan368@yahoo.com,9497357870,active,Not Verified,7,1,2024-04-04,2024-02-19,Mussoorie,87,K
U369,Karan,karan369@gmail.com,9702503071,active,Not Verified,15,1,2024-04-08,2023-03-26,Rishikesh,82,K
U370,Priya,priya370@outlook.com,9833904935,active,Verified,25,1,2023-10-23,2023-08-25,Rishikesh,97,P
U371,Rahul,rahul371@outlook.com,9126784707,active,Verified,12,1,2024-01-27,2023-01-15,Mussoorie,93,R
U372,Sneha,sneha372@outlook.com,9477321326,active,Verified,4,0,2023-09-05,2023-04-16,Dehradun,100,S
U373,Aditi,aditi373@gmail.com,9620875070,active,Verified,31,5,2023-07-12,2023-02-28,Rishikesh,60,A
U374,Neha,neha374@gmail.com,9739517994,active,Not Verified,22,3,2023-09-16,2023-07-20,Haridwar,70,N
U375,Pooja,pooja375@yahoo.com,9283529474,active,Verified,19,0,2024-04-08,2023-12-28,Rishikesh,100,P
U376,Karan,karan376@gmail.com,9449109019,active,Verified,7,0,2023-10-06,2023-05-03,Rishikesh,100,K
U377,Karan,karan377@yahoo.com,9522938054,active,Verified,24,3,2023-12-31,2023-03-12,Mussoorie,81,K
U378,Pooja,pooja378@yahoo.com,9586638611,active,Not Verified,35,4,2024-01-10,2023-11-27,Rishikesh,55,P
U379,Priya,priya379@yahoo.com,9933816674,active,Not Verified,3,0,2024-01-24,2023-08-19,Dehradun,92,P
U380,Aman,aman380@gmail.com,9654745033,blocked,Verified,31,3,2024-03-30,2023-07-16,Haridwar,77,A
U381,Priya,priya381@outlook.com,9442992305,active,Verified,5,0,2023-10-20,2023-09-08,Dehradun,99,P
U382,Pooja,pooja382@yahoo.com,9225712132,active,Verified,10,2,2023-12-15,2023-10-03,Rishikesh,86,P
U383,Neha,neha383@gmail.com,9858017072,blocked,Not Verified,17,2,2023-11-19,2023-10-21,Dehradun,77,N
U384,Sneha,sneha384@gmail.com,9249867534,blocked,Not Verified,34,3,2024-02-29,2024-01-04,Haridwar,62,S
U385,Aditi,aditi385@gmail.com,9476067411,active,Not Verified,19,0,2024-02-20,2024-01-20,Rishikesh,92,A
U386,Sneha,sneha386@yahoo.com,9741657811,active,Not Verified,28,0,2024-02-28,2024-02-23,Haridwar,88,S
U387,Aditi,aditi387@yahoo.com,9551945444,active,Verified,27,1,2024-01-26,2023-10-29,Haridwar,90,A
U388,Neha,neha388@yahoo.com,9655293992,active,Not Verified,34,4,2024-01-16,2023-10-19,Lansdowne,55,N
U389,Priya,priya389@yahoo.com,9675813497,blocked,Not Verified,17,0,2023-10-25,2023-05-30,Haridwar,87,P
U390,Aman,aman390@gmail.com,9840089954,active,Verified,8,0,2023-06-21,2023-01-31,Mussoorie,98,A
U391,Rahul,rahul391@gmail.com,9266404827,active,Verified,25,4,2024-03-15,2024-02-29,Mussoorie,73,R
U392,Aman,aman392@gmail.com,9194264640,active,Not Verified,4,0,2024-02-28,2023-07-12,Haridwar,91,A
U393,Aditi,aditi393@outlook.com,9199166664,active,Not Verified,29,2,2024-02-07,2023-12-22,Nainital,78,A
U394,Sneha,sneha394@gmail.com,9402030009,active,Not Verified,29,5,2024-01-22,2024-01-11,Haridwar,50,S
U395,Arjun,arjun395@yahoo.com,9406467246,active,Verified,27,3,2023-11-11,2023-07-23,Haridwar,75,A
U396,Rohit,rohit396@outlook.com,9275473086,blocked,Not Verified,8,1,2024-03-28,2023-06-22,Haridwar,82,R
U397,Priya,priya397@gmail.com,9637313909,active,Not Verified,29,1,2023-03-15,2023-01-24,Dehradun,84,P
U398,Rohit,rohit398@gmail.com,9771500224,active,Not Verified,8,1,2023-09-28,2023-08-08,Dehradun,79,R
U399,Priya,priya399@gmail.com,9685081035,active,Verified,5,0,2023-11-09,2023-07-04,Mussoorie,95,P
U400,Aman,aman400@yahoo.com,9382847876,active,Verified,14,0,2024-04-05,2024-01-07,Dehradun,96,A
U401,Aditi,aditi401@yahoo.com,9415273525,active,Verified,14,1,2023-04-17,2023-02-09,Mussoorie,87,A
U402,Aditi,aditi402@gmail.com,9797899121,active,Not Verified,27,3,2024-03-01,2024-02-23,Rishikesh,62,A
U403,Neha,neha403@outlook.com,9313267517,active,Not Verified,6,1,2024-01-23,2024-01-10,Haridwar,79,N
U404,Pooja,pooja404@outlook.com,9875644451,active,Not Verified,9,0,2024-02-07,2024-01-21,Dehradun,94,P
U405,Aditi,aditi405@gmail.com,9464215520,active,Not Verified,9,1,2023-10-16,2023-06-29,Nainital,80,A
U406,Aditi,aditi406@yahoo.com,9573356272,active,Not Verified,7,1,2024-04-01,2023-03-13,Rishikesh,82,A
U407,Rohit,rohit407@outlook.com,9975564164,active,Verified,17,1,2023-07-17,2023-03-13,Mussoorie,95,R
U408,Rahul,rahul408@gmail.com,9581029064,active,Verified,1,1,2024-01-19,2023-11-08,Mussoorie,90,R
U409,Sneha,sneha409@outlook.com,9316963021,active,Verified,18,1,2023-10-24,2023-04-07,Dehradun,94,S
U410,Aditi,aditi410@gmail.com,9262373837,active,Verified,4,0,2024-02-23,2023-09-13,Dehradun,100,A
U411,Arjun,arjun411@yahoo.com,9686970826,blocked,Verified,23,1,2024-02-03,2023-10-19,Dehradun,94,A
U412,Aditi,aditi412@yahoo.com,9369604773,active,Not Verified,0,0,2023-11-14,2023-10-28,Rishikesh,85,A
U413,Priya,priya413@gmail.com,9362309102,active,Not Verified,26,3,2024-03-25,2023-11-18,Rishikesh,62,P
U414,Karan,karan414@outlook.com,9929632922,active,Not Verified,17,0,2023-12-21,2023-11-12,Lansdowne,93,K
U415,Neha,neha415@outlook.com,9117135581,blocked,Verified,20,0,2023-12-20,2023-03-21,Rishikesh,99,N
U416,Sneha,sneha416@yahoo.com,9823240725,active,Verified,15,3,2023-06-01,2023-05-03,Mussoorie,72,S
U417,Pooja,pooja417@outlook.com,9205528622,blocked,Not Verified,11,2,2023-07-06,2023-01-29,Dehradun,71,P
U418,Aman,aman418@outlook.com,9747983368,active,Verified,33,6,2023-12-09,2023-09-12,Rishikesh,51,A
U419,Sneha,sneha419@gmail.com,9422925511,active,Verified,7,0,2024-02-22,2024-01-19,Dehradun,100,S
U420,Aman,aman420@yahoo.com,9408558912,active,Verified,4,1,2023-06-16,2023-02-02,Nainital,87,A
U421,Karan,karan421@yahoo.com,9947401008,blocked,Verified,10,0,2023-10-01,2023-03-27,Mussoorie,100,K
U422,Rohit,rohit422@yahoo.com,9139850273,active,Not Verified,0,0,2024-01-12,2023-04-27,Rishikesh,88,R
U423,Sneha,sneha423@outlook.com,9904176999,blocked,Verified,11,0,2023-09-30,2023-07-16,Haridwar,100,S
U424,Priya,priya424@outlook.com,9374914928,active,Verified,20,2,2023-09-29,2023-08-03,Mussoorie,83,P
U425,Rohit,rohit425@outlook.com,9427009403,active,Not Verified,3,0,2023-11-15,2023-03-03,Nainital,91,R
U426,Rahul,rahul426@outlook.com,9625192975,active,Not Verified,20,3,2023-10-31,2023-05-25,Dehradun,61,R
U427,Pooja,pooja427@outlook.com,9996680561,blocked,Verified,15,3,2024-01-01,2023-10-16,Nainital,74,P
U428,Aditi,aditi428@outlook.com,9647018922,active,Verified,9,1,2024-02-25,2024-01-25,Rishikesh,87,A
U429,Aditi,aditi429@yahoo.com,9748413828,active,Verified,21,3,2023-11-24,2023-11-22,Dehradun,75,A
U430,Rahul,rahul430@outlook.com,9146752406,active,Not Verified,31,1,2023-12-02,2023-05-02,Dehradun,81,R
U431,Neha,neha431@yahoo.com,9170812509,blocked,Verified,26,2,2024-01-20,2023-04-29,Dehradun,86,N
U432,Priya,priya432@outlook.com,9588919235,active,Not Verified,8,1,2023-11-03,2023-02-18,Mussoorie,78,P
U433,Arjun,arjun433@gmail.com,9293954530,active,Not Verified,8,1,2024-01-27,2023-08-11,Mussoorie,82,A
U434,Arjun,arjun434@outlook.com,9490666147,active,Not Verified,20,1,2024-02-22,2024-01-12,Dehradun,78,A
U435,Sneha,sneha435@gmail.com,9428303435,active,Not Verified,9,1,2024-02-12,2024-01-30,Rishikesh,84,S
U436,Priya,priya436@gmail.com,9838908461,active,Verified,13,1,2024-01-01,2023-10-02,Dehradun,91,P
U437,Rahul,rahul437@yahoo.com,9378177735,active,Verified,19,0,2024-04-01,2024-02-18,Dehradun,98,R
U438,Sneha,sneha438@gmail.com,9862327183,active,Not Verified,22,0,2024-01-31,2023-12-31,Dehradun,95,S
U439,Aman,aman439@yahoo.com,9448372409,active,Not Verified,25,4,2023-04-15,2023-03-31,Dehradun,61,A
U440,Karan,karan440@gmail.com,9371166215,active,Not Verified,8,0,2024-04-08,2023-02-22,Dehradun,88,K
U441,Priya,priya441@outlook.com,9953561361,active,Not Verified,5,1,2024-01-31,2023-07-25,Chakrata,78,P
U442,Aditi,aditi442@yahoo.com,9877433241,active,Not Verified,28,0,2024-03-07,2023-04-12,Dehradun,90,A
U443,Sneha,sneha443@yahoo.com,9317745918,active,Not Verified,10,1,2023-09-06,2023-08-25,Dehradun,83,S
U444,Rohit,rohit444@yahoo.com,9103370659,active,Not Verified,11,0,2024-02-08,2023-12-16,Rishikesh,89,R
U445,Karan,karan445@outlook.com,9142816405,active,Verified,15,3,2023-04-04,2023-03-18,Rishikesh,77,K
U446,Aditi,aditi446@outlook.com,9630406991,active,Not Verified,24,1,2023-07-07,2023-02-14,Dehradun,87,A
U447,Neha,neha447@yahoo.com,9703965139,active,Not Verified,1,1,2024-03-20,2024-02-15,Haridwar,84,N
U448,Rohit,rohit448@yahoo.com,9705560495,active,Not Verified,32,2,2024-04-10,2023-06-26,Rishikesh,71,R
U449,Rohit,rohit449@yahoo.com,9966625529,active,Not Verified,17,3,2023-05-08,2023-04-23,Haridwar,69,R
U450,Rahul,rahul450@outlook.com,9169829497,active,Not Verified,6,0,2023-07-20,2023-04-30,Haridwar,89,R
U451,Neha,neha451@yahoo.com,9619075206,active,Not Verified,14,1,2024-01-20,2024-01-13,Dehradun,82,N
U452,Priya,priya452@outlook.com,9119809101,active,Not Verified,22,0,2024-01-20,2023-10-31,Mussoorie,90,P
U453,Priya,priya453@outlook.com,9872454688,active,Not Verified,31,1,2023-12-03,2023-10-16,Dehradun,84,P
U454,Sneha,sneha454@outlook.com,9375934348,active,Not Verified,14,1,2024-03-03,2023-04-30,Nainital,77,S
U455,Priya,priya455@gmail.com,9591177332,active,Verified,21,2,2023-06-19,2023-04-14,Dehradun,79,P
U456,Sneha,sneha456@gmail.com,9652365164,active,Not Verified,7,1,2024-01-14,2023-12-27,Mussoorie,78,S
U457,Karan,karan457@yahoo.com,9801525115,active,Verified,6,1,2024-01-25,2023-12-06,Haridwar,89,K
U458,Priya,priya458@yahoo.com,9216912649,blocked,Not Verified,31,1,2024-03-01,2023-08-12,Nainital,85,P
U459,Aman,aman459@outlook.com,9107902319,active,Not Verified,14,0,2024-02-10,2023-11-11,Haridwar,91,A
U460,Priya,priya460@yahoo.com,9200279737,active,Not Verified,11,2,2023-08-04,2023-05-31,Nainital,78,P
U461,Rohit,rohit461@yahoo.com,9955274350,active,Not Verified,11,2,2024-02-03,2024-01-30,Mussoorie,72,R
U462,Arjun,arjun462@yahoo.com,9279744558,active,Not Verified,21,1,2023-10-18,2023-09-12,Dehradun,82,A
U463,Sneha,sneha463@outlook.com,9602393773,active,Verified,21,2,2024-04-10,2023-02-15,Mussoorie,82,S
U464,Aditi,aditi464@outlook.com,9234026664,active,Not Verified,6,0,2023-11-07,2023-06-29,Haridwar,91,A
U465,Aman,aman465@outlook.com,9446197664,active,Not Verified,31,2,2023-10-24,2023-03-27,Dehradun,77,A
U466,Rahul,rahul466@yahoo.com,9713189319,active,Not Verified,14,0,2024-03-22,2023-09-03,Dehradun,85,R
U467,Arjun,arjun467@gmail.com,9548889574,blocked,Not Verified,4,1,2023-07-06,2023-05-14,Dehradun,79,A
U468,Rahul,rahul468@yahoo.com,9538476037,active,Verified,30,3,2023-08-09,2023-02-17,Mussoorie,81,R
U469,Aditi,aditi469@gmail.com,9214873448,active,Verified,3,0,2023-09-20,2023-08-11,Mussoorie,98,A
U470,Aman,aman470@outlook.com,9357943444,active,Not Verified,34,2,2024-04-07,2024-01-05,Dehradun,73,A
U471,Sneha,sneha471@gmail.com,9263892169,active,Verified,9,0,2024-03-28,2023-07-21,Dehradun,100,S
U472,Pooja,pooja472@yahoo.com,9941097638,active,Verified,12,0,2024-04-05,2023-12-05,Dehradun,97,P
U473,Pooja,pooja473@outlook.com,9487544284,active,Not Verified,7,1,2023-10-11,2023-02-11,Nainital,84,P
U474,Sneha,sneha474@yahoo.com,9480251489,active,Verified,34,2,2023-07-01,2023-05-16,Dehradun,85,S
U475,Neha,neha475@yahoo.com,9937284390,active,Not Verified,28,1,2023-06-06,2023-01-23,Dehradun,81,N
U476,Aditi,aditi476@outlook.com,9264401607,active,Verified,5,1,2024-02-02,2024-01-21,Mussoorie,96,A
U477,Pooja,pooja477@outlook.com,9778868915,active,Not Verified,26,5,2024-04-10,2023-07-18,Nainital,52,P
U478,Karan,karan478@gmail.com,9667394742,active,Verified,5,0,2023-11-16,2023-09-01,Nainital,100,K
U479,Rohit,rohit479@gmail.com,9605782532,active,Verified,9,1,2024-03-21,2024-02-14,Lansdowne,89,R
U480,Karan,karan480@yahoo.com,9924705005,active,Not Verified,8,0,2024-03-01,2024-02-18,Dehradun,95,K
U481,Pooja,pooja481@outlook.com,9990392761,blocked,Verified,9,1,2024-04-06,2024-02-26,Nainital,92,P
U482,Karan,karan482@outlook.com,9703871522,active,Verified,24,4,2023-03-20,2023-02-04,Rishikesh,68,K
U483,Pooja,pooja483@yahoo.com,9496231292,active,Not Verified,33,0,2024-02-13,2023-01-07,Dehradun,91,P
U484,Priya,priya484@gmail.com,9247081739,active,Verified,6,0,2024-03-26,2023-10-29,Nainital,99,P
U485,Rohit,rohit485@gmail.com,9406999586,active,Verified,24,4,2023-12-12,2023-07-30,Dehradun,72,R
U486,Rohit,rohit486@gmail.com,9802120683,active,Verified,9,1,2023-12-14,2023-05-22,Nainital,87,R
U487,Aman,aman487@yahoo.com,9800201970,active,Verified,3,1,2023-10-18,2023-06-19,Rishikesh,92,A
U488,Karan,karan488@yahoo.com,9974304690,active,Verified,19,3,2024-03-01,2024-02-11,Lansdowne,81,K
U489,Pooja,pooja489@outlook.com,9844386960,active,Verified,19,3,2023-07-04,2023-04-27,Mussoorie,76,P
U490,Rahul,rahul490@gmail.com,9977719156,blocked,Not Verified,12,1,2023-11-28,2023-11-06,Rishikesh,84,R
U491,Aditi,aditi491@outlook.com,9793033851,blocked,Not Verified,32,0,2023-08-08,2023-07-11,Rishikesh,89,A
U492,Priya,priya492@yahoo.com,9994098904,active,Verified,1,0,2023-12-04,2023-03-11,Dehradun,95,P
U493,Priya,priya493@gmail.com,9141142673,active,Not Verified,12,1,2023-07-29,2023-01-26,Mussoorie,85,P
U494,Arjun,arjun494@gmail.com,9926869692,active,Verified,1,1,2024-02-16,2023-03-05,Dehradun,96,A
U495,Rohit,rohit495@outlook.com,9883726575,blocked,Not Verified,35,2,2024-01-28,2023-08-31,Haridwar,73,R
U496,Karan,karan496@yahoo.com,9292824130,blocked,Not Verified,1,0,2023-07-11,2023-02-16,Lansdowne,94,K
U497,Rohit,rohit497@outlook.com,9138056590,active,Verified,14,1,2024-03-20,2023-04-24,Rishikesh,97,R
U498,Pooja,pooja498@yahoo.com,9968796307,active,Verified,30,5,2024-02-05,2024-02-04,Haridwar,57,P
U499,Priya,priya499@outlook.com,9899294685,active,Verified,19,2,2023-09-01,2023-04-25,Nainital,85,P
U500,Aditi,aditi500@outlook.com,9263309499,active,Not Verified,13,2,2023-10-27,2023-08-24,Rishikesh,77,A
U103_x,Karan,karan103@yahoo.com,9701404019,blocked,Not Verified,19,0,2024-02-15,2023-10-29,Dehradun,94,K
U436_x,Priya,priya436@gmail.com,9838908461,active,Verified,13,1,2024-01-01,2023-10-02,Dehradun,91,P
U349_x,Karan,karan349@yahoo.com,9971811821,active,Not Verified,35,3,2024-02-19,2023-02-13,Dehradun,70,K
U271_x,Rahul,rahul271@outlook.com,9276969067,active,Not Verified,15,0,2024-02-28,2023-03-17,Rishikesh,88,R
U107_x,Rahul,rahul107@gmail.com,9505414006,active,Verified,27,1,2024-02-28,2024-02-16,Nainital,97,R
U072_x,Priya,priya72@yahoo.com,9740955164,active,Verified,21,3,2023-11-13,2023-08-01,Haridwar,71,P
U189_x,Aman,aman189@gmail.com,9497623376,active,Verified,9,0,2023-12-24,2023-06-28,Dehradun,99,A
U021_x,Pooja,pooja21@outlook.com,9546785770,blocked,Not Verified,15,0,2024-03-20,2024-03-01,Rishikesh,86,P
U122_x,Rahul,rahul122@yahoo.com,9666210302,active,Verified,8,1,2024-03-27,2023-09-18,Auli,93,R
U467_x,Arjun,arjun467@gmail.com,9548889574,blocked,Not Verified,4,1,2023-07-06,2023-05-14,Dehradun,79,A
U215_x,Aman,aman215@yahoo.com,9940097622,active,Not Verified,8,1,2024-03-30,2024-02-29,Dehradun,84,A
U331_x,Karan,karan331@outlook.com,9532972976,active,Not Verified,33,4,2023-01-15,2023-01-07,Rishikesh,57,K
U459_x,Aman,aman459@outlook.com,9107902319,active,Not Verified,14,0,2024-02-10,2023-11-11,Haridwar,91,A
U088_x,Aman,aman88@outlook.com,9644355521,active,Verified,17,1,2023-12-16,2023-08-27,Nainital,88,A
U373_x,Aditi,aditi373@gmail.com,9620875070,active,Verified,31,5,2023-07-12,2023-02-28,Rishikesh,60,A
U100_x,Rahul,rahul100@yahoo.com,9550770078,active,Verified,30,0,2023-06-05,2023-01-27,Dehradun,100,R
U360_x,Priya,priya360@outlook.com,9985066202,active,Not Verified,26,2,2024-04-09,2023-07-25,Mussoorie,77,P
U152_x,Priya,priya152@outlook.com,9660565452,active,Verified,7,0,2024-02-12,2023-06-05,Rishikesh,100,P
U131_x,Rahul,rahul131@outlook.com,9302450439,active,Not Verified,34,0,2024-03-26,2024-01-24,Mussoorie,88,R
U150_x,Aman,aman150@yahoo.com,9137369273,active,Not Verified,35,3,2023-11-26,2023-01-13,Mussoorie,71,A
U309_x,Priya,priya309@gmail.com,9123107701,active,Not Verified,15,3,2023-11-15,2023-11-03,Rishikesh,68,P
U258_x,Aditi,aditi258@yahoo.com,9378290275,active,Verified,29,2,2024-01-22,2023-09-13,Dehradun,86,A
U344_x,Priya,priya344@yahoo.com,9713819567,blocked,Verified,5,1,2024-03-11,2023-12-05,Dehradun,90,P
U492_x,Priya,priya492@yahoo.com,9994098904,active,Verified,1,0,2023-12-04,2023-03-11,Dehradun,95,P
U414_x,Karan,karan414@outlook.com,9929632922,active,Not Verified,17,0,2023-12-21,2023-11-12,Lansdowne,93,K
U294_x,Arjun,arjun294@outlook.com,9956843513,blocked,Verified,9,1,2023-11-09,2023-03-10,Rishikesh,93,A
U386_x,Sneha,sneha386@yahoo.com,9741657811,active,Not Verified,28,0,2024-02-28,2024-02-23,Haridwar,88,S
U192_x,Rohit,rohit192@outlook.com,9498901344,active,Verified,19,0,2024-01-23,2023-08-15,Dehradun,100,R
U444_x,Rohit,rohit444@yahoo.com,9103370659,active,Not Verified,11,0,2024-02-08,2023-12-16,Rishikesh,89,R
U277_x,Aditi,aditi277@gmail.com,9152561837,active,Verified,17,3,2024-03-29,2024-02-12,Auli,77,A
U161_x,Karan,karan161@outlook.com,9767021268,active,Verified,3,1,2023-08-13,2023-03-31,Haridwar,95,K
U460_x,Priya,priya460@yahoo.com,9200279737,active,Not Verified,11,2,2023-08-04,2023-05-31,Nainital,78,P
U314_x,Arjun,arjun314@gmail.com,9751950520,active,Not Verified,19,3,2023-10-13,2023-07-29,Rishikesh,64,A
U022_x,Arjun,arjun22@gmail.com,9389915709,active,Not Verified,34,1,2024-02-29,2023-02-05,Auli,87,A
U253_x,Sneha,sneha253@yahoo.com,9111684422,active,Not Verified,19,0,2024-02-06,2023-12-17,Rishikesh,87,S
U236_x,Sneha,sneha236@gmail.com,9468770172,active,Verified,8,1,2023-11-29,2023-02-09,Dehradun,92,S
U345_x,Aditi,aditi345@yahoo.com,9768026707,active,Not Verified,24,1,2023-08-04,2023-05-18,Rishikesh,83,A
U049_x,Arjun,arjun49@gmail.com,9810992903,blocked,Not Verified,22,3,2023-12-21,2023-12-08,Dehradun,70,A
U475_x,Neha,neha475@yahoo.com,9937284390,active,Not Verified,28,1,2023-06-06,2023-01-23,Dehradun,81,N
U059_x,Pooja,pooja59@yahoo.com,9669645229,active,Not Verified,25,4,2024-01-12,2023-07-29,Rishikesh,55,P
U170_x,Aman,aman170@outlook.com,9608995911,active,Not Verified,8,1,2024-03-04,2024-01-17,Rishikesh,87,A
U476_x,Aditi,aditi476@outlook.com,9264401607,active,Verified,5,1,2024-02-02,2024-01-21,Mussoorie,96,A
U188_x,Aman,aman188@outlook.com,9880463250,active,Verified,32,4,2023-05-06,2023-03-28,Nainital,71,A
U464_x,Aditi,aditi464@outlook.com,9234026664,active,Not Verified,6,0,2023-11-07,2023-06-29,Haridwar,91,A
U190_x,Rohit,rohit190@yahoo.com,9835383845,blocked,Not Verified,4,1,2024-02-18,2023-03-20,Mussoorie,84,R
U446_x,Aditi,aditi446@outlook.com,9630406991,active,Not Verified,24,1,2023-07-07,2023-02-14,Dehradun,87,A
U175_x,Priya,priya175@outlook.com,9159318659,active,Verified,21,1,2024-03-05,2024-01-26,Mussoorie,89,P
U051_x,Sneha,sneha51@yahoo.com,9630308963,active,Verified,15,0,2024-03-28,2024-02-05,Nainital,100,S
U364_x,Priya,priya364@gmail.com,9259626681,blocked,Not Verified,25,5,2023-11-20,2023-08-17,Rishikesh,54,P
U055_x,Priya,priya55@outlook.com,9503348118,active,Verified,6,1,2023-06-04,2023-05-16,Mussoorie,92,P
U244_x,Neha,neha244@yahoo.com,9685022956,active,Not Verified,30,6,2024-04-04,2024-01-03,Dehradun,43,N
U320_x,Neha,neha320@yahoo.com,9112766264,blocked,Verified,30,5,2023-06-07,2023-04-08,Dehradun,64,N
U485_x,Rohit,rohit485@gmail.com,9406999586,active,Verified,24,4,2023-12-12,2023-07-30,Dehradun,72,R
U307_x,Aditi,aditi307@gmail.com,9680692260,active,Verified,12,2,2023-08-09,2023-03-21,Haridwar,80,A
U135_x,Priya,priya135@gmail.com,9646796990,blocked,Not Verified,5,1,2023-06-26,2023-03-29,Dehradun,86,P
U329_x,Neha,neha329@outlook.com,9370993490,active,Not Verified,0,0,2024-01-17,2023-12-29,Mussoorie,90,N
U167_x,Karan,karan167@yahoo.com,9745303183,active,Not Verified,13,0,2024-04-08,2024-01-29,Haridwar,91,K
U274_x,Rahul,rahul274@yahoo.com,9347311424,active,Verified,24,1,2024-01-14,2023-09-02,Rishikesh,94,R
U388_x,Neha,neha388@yahoo.com,9655293992,active,Not Verified,34,4,2024-01-16,2023-10-19,Lansdowne,55,N
U089_x,Arjun,arjun89@outlook.com,9959267796,active,Verified,24,3,2023-12-28,2023-05-05,Rishikesh,76,A
U316_x,Priya,priya316@outlook.com,9792854871,active,Not Verified,15,2,2023-09-24,2023-03-10,Auli,79,P
U014_x,Arjun,arjun14@outlook.com,9336680461,active,Verified,14,0,2024-01-25,2023-07-24,Dehradun,100,A
U242_x,Priya,priya242@outlook.com,9853542266,active,Not Verified,15,0,2024-02-18,2024-02-10,Mussoorie,90,P
U265_x,Aman,aman265@yahoo.com,9825295616,active,Not Verified,21,4,2024-03-11,2023-03-12,Mussoorie,60,A
U346_x,Arjun,arjun346@gmail.com,9735078049,active,Not Verified,19,2,2023-02-18,2023-02-16,Dehradun,70,A
U053_x,Aman,aman53@yahoo.com,9980670668,active,Verified,17,2,2024-01-08,2023-07-24,Rishikesh,84,A
U340_x,Arjun,arjun340@gmail.com,9342352295,active,Verified,24,4,2024-02-18,2023-05-04,Haridwar,68,A
U092_x,Rohit,rohit92@yahoo.com,9912382030,active,Verified,31,0,2024-02-13,2023-09-01,Dehradun,96,R
U367_x,Aman,aman367@outlook.com,9387127061,active,Verified,28,3,2023-09-25,2023-09-01,Rishikesh,76,A
U455_x,Priya,priya455@gmail.com,9591177332,active,Verified,21,2,2023-06-19,2023-04-14,Dehradun,79,P
U428_x,Aditi,aditi428@outlook.com,9647018922,active,Verified,9,1,2024-02-25,2024-01-25,Rishikesh,87,A
U264_x,Sneha,sneha264@gmail.com,9820199765,active,Verified,12,1,2023-09-18,2023-07-07,Dehradun,95,S
U431_x,Neha,neha431@yahoo.com,9170812509,blocked,Verified,26,2,2024-01-20,2023-04-29,Dehradun,86,N
U035_x,Arjun,arjun35@outlook.com,9325070714,active,Verified,34,2,2023-11-22,2023-01-30,Mussoorie,79,A
U206_x,Priya,priya206@yahoo.com,9303703340,active,Verified,10,0,2024-03-22,2023-04-03,Mussoorie,100,P
U081_x,Neha,neha81@gmail.com,9511725374,blocked,Not Verified,7,0,2023-11-03,2023-03-06,Dehradun,92,N
U420_x,Aman,aman420@yahoo.com,9408558912,active,Verified,4,1,2023-06-16,2023-02-02,Nainital,87,A
U050_x,Priya,priya50@gmail.com,9966568420,blocked,Verified,11,0,2023-07-24,2023-05-02,Auli,97,P
U002_x,Rahul,rahul2@gmail.com,9741242756,active,Not Verified,34,3,2024-03-16,2023-12-13,Dehradun,61,R
U390_x,Aman,aman390@gmail.com,9840089954,active,Verified,8,0,2023-06-21,2023-01-31,Mussoorie,98,A
U054_x,Rohit,rohit54@yahoo.com,9847723698,active,Not Verified,34,0,2024-03-30,2023-12-14,Dehradun,86,R
U106_x,Neha,neha106@gmail.com,9861141726,active,Not Verified,29,1,2024-02-02,2023-12-28,Mussoorie,81,N
U260_x,Neha,neha260@yahoo.com,9321085416,active,Verified,30,0,2024-02-02,2023-05-25,Dehradun,96,N
U310_x,Aman,aman310@outlook.com,9669951655,blocked,Not Verified,8,1,2024-01-29,2024-01-22,Mussoorie,80,A
U477_x,Pooja,pooja477@outlook.com,9778868915,active,Not Verified,26,5,2024-04-10,2023-07-18,Nainital,52,P
U191_x,Rohit,rohit191@yahoo.com,9238385108,active,Verified,20,2,2024-02-15,2023-10-24,Dehradun,81,R
U402_x,Aditi,aditi402@gmail.com,9797899121,active,Not Verified,27,3,2024-03-01,2024-02-23,Rishikesh,62,A
U218_x,Rahul,rahul218@gmail.com,9814356628,active,Not Verified,29,3,2024-03-21,2024-02-11,Dehradun,70,R
U044_x,Sneha,sneha44@yahoo.com,9897113014,active,Verified,21,2,2023-12-29,2023-11-06,Dehradun,87,S
U162_x,Pooja,pooja162@gmail.com,9659810456,active,Verified,23,0,2023-12-24,2023-09-01,Dehradun,100,P
U202_x,Neha,neha202@yahoo.com,9413896621,blocked,Verified,8,0,2024-02-18,2023-11-26,Rishikesh,100,N
U484_x,Priya,priya484@gmail.com,9247081739,active,Verified,6,0,2024-03-26,2023-10-29,Nainital,99,P
U270_x,Rohit,rohit270@yahoo.com,9524381645,blocked,Not Verified,30,5,2023-05-23,2023-04-27,Haridwar,54,R
U351_x,Aman,aman351@outlook.com,9690406901,active,Verified,26,0,2023-10-20,2023-08-11,Auli,100,A
U304_x,Arjun,arjun304@gmail.com,9231103879,active,Verified,34,6,2024-03-09,2023-12-16,Dehradun,52,A
U456_x,Sneha,sneha456@gmail.com,9652365164,active,Not Verified,7,1,2024-01-14,2023-12-27,Mussoorie,78,S
U462_x,Arjun,arjun462@yahoo.com,9279744558,active,Not Verified,21,1,2023-10-18,2023-09-12,Dehradun,82,A
U252_x,Priya,priya252@yahoo.com,9132687073,active,Verified,18,2,2024-04-05,2023-11-18,Haridwar,86,P
U296_x,Sneha,sneha296@outlook.com,9210382503,active,Verified,5,1,2024-04-07,2024-01-22,Dehradun,88,S
U213_x,Aditi,aditi213@gmail.com,9614867007,active,Verified,25,1,2023-08-14,2023-08-01,Rishikesh,93,A
U208_x,Rahul,rahul208@yahoo.com,9594630521,blocked,Not Verified,30,1,2024-04-09,2024-02-19,Auli,82,R
U237_x,Karan,karan237@yahoo.com,9228377127,active,Verified,11,1,2023-03-13,2023-02-28,Dehradun,95,K
U338_x,Rohit,rohit338@gmail.com,9807889568,active,Not Verified,34,0,2024-01-21,2023-12-17,Dehradun,87,R
U280_x,Karan,karan280@yahoo.com,9119453385,active,Verified,15,1,2023-05-06,2023-03-12,Dehradun,97,K
U410_x,Aditi,aditi410@gmail.com,9262373837,active,Verified,4,0,2024-02-23,2023-09-13,Dehradun,100,A
U217_x,Rahul,rahul217@outlook.com,9885338010,active,Verified,18,0,2023-09-02,2023-08-05,Rishikesh,95,R
U380_x,Aman,aman380@gmail.com,9654745033,blocked,Verified,31,3,2024-03-30,2023-07-16,Haridwar,77,A
U493_x,Priya,priya493@gmail.com,9141142673,active,Not Verified,12,1,2023-07-29,2023-01-26,Mussoorie,85,P
U041_x,Rohit,rohit41@yahoo.com,9619749927,active,Not Verified,22,1,2023-07-22,2023-05-16,Dehradun,82,R
U157_x,Rohit,rohit157@outlook.com,9233858653,active,Verified,1,1,2024-03-12,2023-04-19,Haridwar,90,R
U015_x,Priya,priya15@yahoo.com,9110969733,active,Verified,7,0,2024-04-09,2023-01-25,Mussoorie,100,P
U301_x,Karan,karan301@gmail.com,9928578883,active,Not Verified,2,0,2023-11-11,2023-10-24,Auli,93,K
U065_x,Priya,priya65@gmail.com,9598500240,active,Verified,0,0,2024-02-15,2023-03-17,Dehradun,100,P
U327_x,Aditi,aditi327@gmail.com,9810330113,active,Verified,11,2,2024-02-09,2023-10-07,Rishikesh,89,A
U009_x,Neha,neha9@gmail.com,9402080766,active,Not Verified,17,0,2023-10-16,2023-07-01,Dehradun,94,N
U129_x,Aditi,aditi129@gmail.com,9619295367,active,Verified,4,1,2024-01-10,2023-12-02,Mussoorie,92,A
U136_x,Rohit,rohit136@outlook.com,9995272562,active,Verified,14,1,2023-12-01,2023-10-26,Mussoorie,94,R
U472_x,Pooja,pooja472@yahoo.com,9941097638,active,Verified,12,0,2024-04-05,2023-12-05,Dehradun,97,P
U063_x,Rahul,rahul63@outlook.com,9266019861,active,Verified,15,1,2023-08-07,2023-06-21,Dehradun,90,R
U139_x,Rohit,rohit139@gmail.com,9121440098,active,Not Verified,15,2,2023-10-02,2023-09-05,Chakrata,78,R
U499_x,Priya,priya499@outlook.com,9899294685,active,Verified,19,2,2023-09-01,2023-04-25,Nainital,85,P
U392_x,Aman,aman392@gmail.com,9194264640,active,Not Verified,4,0,2024-02-28,2023-07-12,Haridwar,91,A
U163_x,Arjun,arjun163@yahoo.com,9902926301,active,Not Verified,33,5,2023-11-22,2023-11-11,Chakrata,45,A
U419_x,Sneha,sneha419@gmail.com,9422925511,active,Verified,7,0,2024-02-22,2024-01-19,Dehradun,100,S
U289_x,Rahul,rahul289@yahoo.com,9554557265,blocked,Verified,27,0,2024-02-20,2023-11-09,Dehradun,100,R
U379_x,Priya,priya379@yahoo.com,9933816674,active,Not Verified,3,0,2024-01-24,2023-08-19,Dehradun,92,P
U261_x,Arjun,arjun261@outlook.com,9556228621,active,Not Verified,25,3,2023-11-19,2023-05-16,Mussoorie,61,A
U490_x,Rahul,rahul490@gmail.com,9977719156,blocked,Not Verified,12,1,2023-11-28,2023-11-06,Rishikesh,84,R
U231_x,Sneha,sneha231@outlook.com,9578881558,blocked,Verified,18,3,2023-07-27,2023-02-10,Rishikesh,73,S
U028_x,Aditi,aditi28@outlook.com,9366055028,active,Not Verified,26,0,2024-04-06,2024-02-06,Rishikesh,95,A
U201_x,Priya,priya201@gmail.com,9281620117,active,Not Verified,25,5,2024-03-17,2023-12-24,Mussoorie,46,P
U328_x,Priya,priya328@gmail.com,9476270873,active,Not Verified,3,1,2024-04-01,2023-02-08,Dehradun,79,P
U268_x,Pooja,pooja268@outlook.com,9630013955,active,Verified,1,0,2024-02-01,2023-06-03,Rishikesh,100,P
U418_x,Aman,aman418@outlook.com,9747983368,active,Verified,33,6,2023-12-09,2023-09-12,Rishikesh,51,A
U033_x,Arjun,arjun33@outlook.com,9924379870,active,Verified,3,0,2023-11-11,2023-04-20,Auli,100,A
U048_x,Pooja,pooja48@outlook.com,9736189552,active,Not Verified,19,0,2023-03-28,2023-03-07,Mussoorie,90,P
U407_x,Rohit,rohit407@outlook.com,9975564164,active,Verified,17,1,2023-07-17,2023-03-13,Mussoorie,95,R
U062_x,Sneha,sneha62@gmail.com,9966089714,active,Verified,10,1,2024-03-30,2024-02-12,Mussoorie,95,S
U216_x,Aditi,aditi216@yahoo.com,9230175997,blocked,Not Verified,16,1,2023-02-19,2023-02-10,Mussoorie,85,A
U293_x,Neha,neha293@yahoo.com,9598408680,active,Not Verified,19,2,2024-03-13,2023-09-15,Dehradun,74,N
U099_x,Aman,aman99@gmail.com,9133510880,active,Not Verified,0,0,2023-10-05,2023-09-09,Rishikesh,92,A
U172_x,Karan,karan172@outlook.com,9547652281,active,Not Verified,32,5,2023-08-22,2023-06-30,Haridwar,52,K
U214_x,Priya,priya214@gmail.com,9266276701,active,Verified,6,1,2023-06-27,2023-01-15,Dehradun,89,P
U449_x,Rohit,rohit449@yahoo.com,9966625529,active,Not Verified,17,3,2023-05-08,2023-04-23,Haridwar,69,R
U227_x,Sneha,sneha227@gmail.com,9410966258,active,Not Verified,18,0,2024-02-14,2024-01-21,Dehradun,95,S
U101_x,Aman,aman101@yahoo.com,9837978161,active,Not Verified,9,1,2023-12-02,2023-11-19,Dehradun,78,A
U257_x,Neha,neha257@yahoo.com,9621789566,active,Verified,10,2,2023-10-05,2023-08-03,Haridwar,84,N
U005_x,Aditi,aditi5@outlook.com,9321970644,active,Verified,6,0,2024-03-09,2024-01-26,Mussoorie,100,A
U255_x,Rohit,rohit255@outlook.com,9933751695,active,Not Verified,8,0,2024-01-16,2023-06-26,Rishikesh,90,R
U398_x,Rohit,rohit398@gmail.com,9771500224,active,Not Verified,8,1,2023-09-28,2023-08-08,Dehradun,79,R
U359_x,Arjun,arjun359@outlook.com,9123807027,active,Verified,27,0,2024-01-12,2023-12-04,Rishikesh,100,A
U283_x,Aditi,aditi283@gmail.com,9340207619,blocked,Not Verified,5,0,2024-02-28,2023-01-31,Mussoorie,93,A
U393_x,Aditi,aditi393@outlook.com,9199166664,active,Not Verified,29,2,2024-02-07,2023-12-22,Nainital,78,A
U207_x,Rahul,rahul207@gmail.com,9346830319,active,Not Verified,18,3,2023-12-15,2023-05-02,Dehradun,64,R
U042_x,Sneha,sneha42@outlook.com,9638925530,active,Verified,19,0,2024-04-03,2023-10-06,Dehradun,100,S
U461_x,Rohit,rohit461@yahoo.com,9955274350,active,Not Verified,11,2,2024-02-03,2024-01-30,Mussoorie,72,R
U179_x,Rohit,rohit179@gmail.com,9266454187,active,Verified,32,3,2023-09-07,2023-05-20,Mussoorie,72,R
U352_x,Aman,aman352@yahoo.com,9519875809,active,Verified,31,1,2024-03-25,2024-01-05,Dehradun,94,A
U241_x,Arjun,arjun241@yahoo.com,9644617540,active,Not Verified,11,2,2024-03-15,2023-12-25,Chakrata,72,A
U052_x,Sneha,sneha52@gmail.com,9766817201,active,Not Verified,29,1,2023-08-04,2023-04-24,Mussoorie,80,S
U096_x,Aman,aman96@outlook.com,9426670502,active,Verified,30,4,2023-07-28,2023-04-09,Dehradun,71,A
U222_x,Sneha,sneha222@yahoo.com,9699667091,active,Not Verified,24,2,2023-09-09,2023-08-29,Haridwar,69,S
U143_x,Neha,neha143@gmail.com,9881938808,active,Not Verified,2,1,2023-12-12,2023-11-18,Rishikesh,77,N
U171_x,Pooja,pooja171@outlook.com,9429427552,active,Not Verified,27,5,2024-04-05,2023-12-07,Mussoorie,45,P
U029_x,Rahul,rahul29@outlook.com,9980293331,active,Not Verified,3,0,2024-03-25,2023-07-30,Mussoorie,85,R
U036_x,Aditi,aditi36@gmail.com,9908661141,active,Verified,10,2,2024-01-28,2023-09-15,Dehradun,80,A
U013_x,Aman,aman13@yahoo.com,9418465479,active,Not Verified,15,2,2023-07-26,2023-05-16,Nainital,78,A
U160_x,Rahul,rahul160@gmail.com,9247022129,active,Verified,1,1,2023-05-26,2023-03-31,Rishikesh,90,R
U187_x,Pooja,pooja187@yahoo.com,9128004931,active,Verified,25,5,2023-10-16,2023-09-26,Rishikesh,60,P
U243_x,Arjun,arjun243@gmail.com,9130494387,active,Not Verified,35,1,2024-03-20,2023-08-28,Rishikesh,78,A
U086_x,Neha,neha86@yahoo.com,9574850856,active,Verified,0,0,2024-02-23,2023-11-28,Lansdowne,96,N
U284_x,Pooja,pooja284@gmail.com,9469584986,active,Verified,26,1,2023-04-19,2023-01-20,Haridwar,87,P
U066_x,Arjun,arjun66@yahoo.com,9814355507,active,Verified,29,1,2024-02-27,2023-12-23,Dehradun,88,A
U045_x,Aditi,aditi45@gmail.com,9679706635,active,Not Verified,27,0,2023-03-15,2023-01-27,Haridwar,85,A
U441_x,Priya,priya441@outlook.com,9953561361,active,Not Verified,5,1,2024-01-31,2023-07-25,Chakrata,78,P
U134_x,Aman,aman134@yahoo.com,9995355052,blocked,Verified,9,1,2024-02-16,2023-07-11,Haridwar,96,A
U108_x,Aman,aman108@outlook.com,9205709995,blocked,Not Verified,4,1,2024-03-08,2024-02-28,Haridwar,86,A
U286_x,Aman,aman286@yahoo.com,9962331774,active,Not Verified,31,1,2024-04-07,2023-11-25,Dehradun,85,A
U128_x,Rohit,rohit128@gmail.com,9789205366,blocked,Not Verified,28,3,2023-08-09,2023-06-19,Dehradun,61,R
U348_x,Karan,karan348@yahoo.com,9937408569,active,Verified,20,0,2023-11-03,2023-10-11,Rishikesh,99,K
U473_x,Pooja,pooja473@outlook.com,9487544284,active,Not Verified,7,1,2023-10-11,2023-02-11,Nainital,84,P
U225_x,Aditi,aditi225@outlook.com,9861621365,active,Verified,29,1,2024-02-03,2023-02-02,Nainital,87,A
U385_x,Aditi,aditi385@gmail.com,9476067411,active,Not Verified,19,0,2024-02-20,2024-01-20,Rishikesh,92,A
U377_x,Karan,karan377@yahoo.com,9522938054,active,Verified,24,3,2023-12-31,2023-03-12,Mussoorie,81,K
U121_x,Rohit,rohit121@outlook.com,9783552785,active,Not Verified,15,1,2024-01-03,2023-09-05,Auli,83,R
U116_x,Sneha,sneha116@outlook.com,9313448445,active,Not Verified,34,0,2023-07-26,2023-07-26,Rishikesh,88,S
U233_x,Rohit,rohit233@yahoo.com,9400606198,active,Verified,25,5,2023-03-09,2023-01-30,Auli,65,R
U259_x,Karan,karan259@yahoo.com,9249472770,active,Not Verified,29,1,2024-04-04,2023-07-21,Dehradun,86,K
U198_x,Neha,neha198@outlook.com,9735070747,active,Verified,26,5,2023-12-09,2023-05-25,Haridwar,64,N
U411_x,Arjun,arjun411@yahoo.com,9686970826,blocked,Verified,23,1,2024-02-03,2023-10-19,Dehradun,94,A
U137_x,Pooja,pooja137@outlook.com,9909617954,active,Not Verified,18,1,2024-03-16,2024-02-16,Auli,78,P
U318_x,Karan,karan318@yahoo.com,9310194058,blocked,Verified,2,0,2024-04-08,2023-11-06,Mussoorie,100,K
U165_x,Karan,karan165@gmail.com,9795394609,active,Verified,8,1,2023-04-19,2023-03-17,Rishikesh,93,K
U234_x,Karan,karan234@gmail.com,9639177220,blocked,Not Verified,28,0,2024-01-20,2023-03-15,Mussoorie,88,K
U463_x,Sneha,sneha463@outlook.com,9602393773,active,Verified,21,2,2024-04-10,2023-02-15,Mussoorie,82,S
U315_x,Rahul,rahul315@yahoo.com,9938302511,active,Not Verified,29,4,2024-01-16,2023-12-29,Mussoorie,59,R
U374_x,Neha,neha374@gmail.com,9739517994,active,Not Verified,22,3,2023-09-16,2023-07-20,Haridwar,70,N
U180_x,Rohit,rohit180@outlook.com,9754574528,active,Not Verified,33,0,2024-03-03,2023-10-31,Chakrata,88,R
U113_x,Aditi,aditi113@yahoo.com,9418233304,active,Not Verified,5,1,2024-03-23,2024-02-21,Mussoorie,82,A
U497_x,Rohit,rohit497@outlook.com,9138056590,active,Verified,14,1,2024-03-20,2023-04-24,Rishikesh,97,R
U442_x,Aditi,aditi442@yahoo.com,9877433241,active,Not Verified,28,0,2024-03-07,2023-04-12,Dehradun,90,A
U295_x,Sneha,sneha295@gmail.com,9424020022,blocked,Not Verified,34,6,2024-03-10,2023-08-30,Dehradun,40,S
U387_x,Aditi,aditi387@yahoo.com,9551945444,active,Verified,27,1,2024-01-26,2023-10-29,Haridwar,90,A
U440_x,Karan,karan440@gmail.com,9371166215,active,Not Verified,8,0,2024-04-08,2023-02-22,Dehradun,88,K
U130_x,Sneha,sneha130@outlook.com,9682217509,active,Not Verified,21,4,2023-12-19,2023-11-29,Mussoorie,59,S
U220_x,Priya,priya220@yahoo.com,9433498850,active,Verified,26,5,2024-02-20,2023-05-04,Lansdowne,56,P
U343_x,Karan,karan343@gmail.com,9625856207,active,Not Verified,14,1,2023-12-22,2023-08-19,Mussoorie,83,K
U224_x,Priya,priya224@gmail.com,9307460095,active,Verified,29,3,2023-09-20,2023-06-23,Haridwar,81,P
U403_x,Neha,neha403@outlook.com,9313267517,active,Not Verified,6,1,2024-01-23,2024-01-10,Haridwar,79,N
U126_x,Neha,neha126@gmail.com,9794508157,active,Not Verified,2,1,2024-03-25,2024-02-02,Chakrata,83,N
U416_x,Sneha,sneha416@yahoo.com,9823240725,active,Verified,15,3,2023-06-01,2023-05-03,Mussoorie,72,S
U247_x,Aditi,aditi247@gmail.com,9732733711,active,Verified,20,1,2023-06-16,2023-03-26,Nainital,92,A
U324_x,Sneha,sneha324@yahoo.com,9695866357,active,Not Verified,1,1,2023-07-07,2023-04-24,Dehradun,81,S
U439_x,Aman,aman439@yahoo.com,9448372409,active,Not Verified,25,4,2023-04-15,2023-03-31,Dehradun,61,A
U203_x,Neha,neha203@yahoo.com,9785713777,blocked,Not Verified,23,1,2023-07-14,2023-07-05,Rishikesh,82,N
U184_x,Rohit,rohit184@gmail.com,9110222106,active,Not Verified,27,0,2024-01-20,2024-01-15,Rishikesh,90,R
U123_x,Arjun,arjun123@yahoo.com,9455521431,active,Verified,0,0,2023-11-24,2023-09-17,Chakrata,100,A
U401_x,Aditi,aditi401@yahoo.com,9415273525,active,Verified,14,1,2023-04-17,2023-02-09,Mussoorie,87,A
U325_x,Pooja,pooja325@outlook.com,9871281332,blocked,Not Verified,15,2,2023-11-08,2023-04-28,Haridwar,73,P
U372_x,Sneha,sneha372@outlook.com,9477321326,active,Verified,4,0,2023-09-05,2023-04-16,Dehradun,100,S
U098_x,Rohit,rohit98@outlook.com,9938843891,active,Verified,2,1,2023-07-24,2023-03-06,Nainital,89,R
U470_x,Aman,aman470@outlook.com,9357943444,active,Not Verified,34,2,2024-04-07,2024-01-05,Dehradun,73,A
U395_x,Arjun,arjun395@yahoo.com,9406467246,active,Verified,27,3,2023-11-11,2023-07-23,Haridwar,75,A
U240_x,Aditi,aditi240@yahoo.com,9101693434,active,Not Verified,4,1,2023-12-07,2023-06-13,Mussoorie,81,A
U144_x,Rohit,rohit144@gmail.com,9494688264,active,Not Verified,18,3,2023-04-24,2023-03-09,Dehradun,63,R
U097_x,Rohit,rohit97@yahoo.com,9724375451,active,Verified,18,1,2023-05-31,2023-02-21,Mussoorie,91,R
U124_x,Rahul,rahul124@gmail.com,9650593303,active,Verified,28,2,2023-10-16,2023-09-08,Haridwar,84,R
U326_x,Karan,karan326@outlook.com,9914482740,active,Not Verified,31,5,2024-03-28,2024-01-06,Dehradun,50,K
U148_x,Aman,aman148@gmail.com,9383529155,active,Verified,23,3,2024-03-22,2024-02-16,Rishikesh,71,A
U443_x,Sneha,sneha443@yahoo.com,9317745918,active,Not Verified,10,1,2023-09-06,2023-08-25,Dehradun,83,S
U451_x,Neha,neha451@yahoo.com,9619075206,active,Not Verified,14,1,2024-01-20,2024-01-13,Dehradun,82,N
U147_x,Arjun,arjun147@gmail.com,9361129934,active,Not Verified,14,2,2024-04-03,2023-03-14,Lansdowne,79,A
U199_x,Rohit,rohit199@gmail.com,9144395566,active,Verified,4,1,2024-02-21,2023-11-28,Mussoorie,91,R
U308_x,Neha,neha308@gmail.com,9402268844,active,Not Verified,1,0,2024-01-07,2023-08-03,Dehradun,86,N
U489_x,Pooja,pooja489@outlook.com,9844386960,active,Verified,19,3,2023-07-04,2023-04-27,Mussoorie,76,P
U417_x,Pooja,pooja417@outlook.com,9205528622,blocked,Not Verified,11,2,2023-07-06,2023-01-29,Dehradun,71,P
U424_x,Priya,priya424@outlook.com,9374914928,active,Verified,20,2,2023-09-29,2023-08-03,Mussoorie,83,P
U039_x,Neha,neha39@gmail.com,9775626156,active,Verified,25,5,2023-09-15,2023-05-03,Rishikesh,59,N
U267_x,Rohit,rohit267@gmail.com,9709421594,active,Verified,21,4,2024-02-21,2024-01-14,Mussoorie,71,R
U434_x,Arjun,arjun434@outlook.com,9490666147,active,Not Verified,20,1,2024-02-22,2024-01-12,Dehradun,78,A
U151_x,Rahul,rahul151@yahoo.com,9629369986,active,Not Verified,19,0,2024-02-21,2023-08-26,Auli,87,R
U415_x,Neha,neha415@outlook.com,9117135581,blocked,Verified,20,0,2023-12-20,2023-03-21,Rishikesh,99,N
U478_x,Karan,karan478@gmail.com,9667394742,active,Verified,5,0,2023-11-16,2023-09-01,Nainital,100,K
U298_x,Aditi,aditi298@gmail.com,9767471673,active,Verified,7,1,2024-01-15,2023-09-24,Rishikesh,88,A
U263_x,Pooja,pooja263@yahoo.com,9626194077,active,Not Verified,8,1,2023-12-16,2023-11-16,Mussoorie,82,P
U112_x,Aman,aman112@gmail.com,9218381580,active,Verified,33,2,2023-11-26,2023-03-31,Rishikesh,81,A
U500_x,Aditi,aditi500@outlook.com,9263309499,active,Not Verified,13,2,2023-10-27,2023-08-24,Rishikesh,77,A
U060_x,Arjun,arjun60@outlook.com,9309364094,active,Verified,19,0,2023-10-11,2023-07-14,Dehradun,99,A
U369_x,Karan,karan369@gmail.com,9702503071,active,Not Verified,15,1,2024-04-08,2023-03-26,Rishikesh,82,K
U254_x,Neha,neha254@yahoo.com,9305210666,blocked,Not Verified,21,2,2023-10-17,2023-08-26,Chakrata,74,N
U140_x,Arjun,arjun140@gmail.com,9682316741,blocked,Not Verified,25,4,2023-06-12,2023-06-01,Haridwar,63,A
U453_x,Priya,priya453@outlook.com,9872454688,active,Not Verified,31,1,2023-12-03,2023-10-16,Dehradun,84,P
U037_x,Rohit,rohit37@gmail.com,9131839019,active,Verified,15,1,2024-01-15,2023-02-04,Dehradun,96,R
U404_x,Pooja,pooja404@outlook.com,9875644451,active,Not Verified,9,0,2024-02-07,2024-01-21,Dehradun,94,P
U120_x,Aman,aman120@gmail.com,9155721781,blocked,Not Verified,9,1,2024-01-27,2023-03-02,Dehradun,85,A
U408_x,Rahul,rahul408@gmail.com,9581029064,active,Verified,1,1,2024-01-19,2023-11-08,Mussoorie,90,R
U075_x,Aman,aman75@yahoo.com,9600131687,active,Not Verified,24,3,2023-09-13,2023-09-06,Nainital,63,A
U422_x,Rohit,rohit422@yahoo.com,9139850273,active,Not Verified,0,0,2024-01-12,2023-04-27,Rishikesh,88,R
U104_x,Arjun,arjun104@yahoo.com,9976368226,active,Not Verified,13,0,2024-02-21,2024-01-26,Dehradun,87,A
U153_x,Arjun,arjun153@outlook.com,9769910529,active,Verified,26,5,2024-03-25,2024-01-16,Mussoorie,57,A
U384_x,Sneha,sneha384@gmail.com,9249867534,blocked,Not Verified,34,3,2024-02-29,2024-01-04,Haridwar,62,S
U366_x,Arjun,arjun366@gmail.com,9164930732,active,Not Verified,22,3,2024-01-27,2024-01-09,Rishikesh,64,A
U194_x,Priya,priya194@gmail.com,9819544951,blocked,Not Verified,32,4,2023-12-27,2023-02-16,Nainital,61,P
U445_x,Karan,karan445@outlook.com,9142816405,active,Verified,15,3,2023-04-04,2023-03-18,Rishikesh,77,K
U169_x,Aditi,aditi169@outlook.com,9342739096,active,Not Verified,30,6,2024-03-05,2023-03-20,Rishikesh,38,A
U068_x,Arjun,arjun68@gmail.com,9296857266,active,Not Verified,27,4,2024-03-18,2023-11-10,Haridwar,60,A
U195_x,Rahul,rahul195@yahoo.com,9444798131,active,Not Verified,12,1,2024-04-07,2023-08-19,Auli,85,R
U176_x,Rohit,rohit176@yahoo.com,9716490751,active,Verified,1,0,2023-04-18,2023-02-05,Rishikesh,100,R
U371_x,Rahul,rahul371@outlook.com,9126784707,active,Verified,12,1,2024-01-27,2023-01-15,Mussoorie,93,R
U375_x,Pooja,pooja375@yahoo.com,9283529474,active,Verified,19,0,2024-04-08,2023-12-28,Rishikesh,100,P
U238_x,Rohit,rohit238@yahoo.com,9495251203,active,Verified,13,1,2023-12-28,2023-05-14,Dehradun,94,R
U158_x,Rohit,rohit158@outlook.com,9118614755,active,Verified,35,3,2023-05-21,2023-04-16,Haridwar,74,R
U038_x,Aman,aman38@yahoo.com,9944626985,blocked,Verified,33,2,2023-09-13,2023-02-11,Mussoorie,82,A
U230_x,Rohit,rohit230@gmail.com,9210351370,active,Not Verified,5,0,2024-03-02,2024-01-08,Rishikesh,93,R
U365_x,Sneha,sneha365@yahoo.com,9195587462,active,Not Verified,30,3,2023-07-08,2023-06-26,Haridwar,62,S
U438_x,Sneha,sneha438@gmail.com,9862327183,active,Not Verified,22,0,2024-01-31,2023-12-31,Dehradun,95,S
U027_x,Priya,priya27@yahoo.com,9780247222,active,Verified,13,2,2024-01-26,2023-05-23,Rishikesh,88,P
U226_x,Neha,neha226@outlook.com,9300521336,active,Verified,32,6,2023-11-16,2023-06-11,Dehradun,55,N
U448_x,Rohit,rohit448@yahoo.com,9705560495,active,Not Verified,32,2,2024-04-10,2023-06-26,Rishikesh,71,R
U481_x,Pooja,pooja481@outlook.com,9990392761,blocked,Verified,9,1,2024-04-06,2024-02-26,Nainital,92,P
U317_x,Pooja,pooja317@gmail.com,9828835784,active,Verified,34,1,2023-08-25,2023-07-09,Rishikesh,87,P
U004_x,Neha,neha4@gmail.com,9199233779,active,Not Verified,10,1,2024-02-19,2024-02-19,Dehradun,81,N
U017_x,Karan,karan17@outlook.com,9885764446,active,Verified,34,6,2024-04-07,2023-12-16,Dehradun,57,K
U046_x,Rahul,rahul46@gmail.com,9207818268,active,Verified,10,2,2024-01-29,2023-11-23,Dehradun,85,R
U006_x,Aditi,aditi6@gmail.com,9170979028,active,Verified,29,3,2024-02-20,2024-02-18,Dehradun,72,A
U302_x,Rohit,rohit302@gmail.com,9612306316,blocked,Not Verified,2,0,2023-10-04,2023-02-05,Mussoorie,87,R
U181_x,Arjun,arjun181@yahoo.com,9868930238,blocked,Not Verified,13,0,2023-02-01,2023-01-29,Dehradun,87,A
U095_x,Karan,karan95@yahoo.com,9730218265,blocked,Not Verified,12,2,2024-03-06,2023-03-03,Mussoorie,77,K
U469_x,Aditi,aditi469@gmail.com,9214873448,active,Verified,3,0,2023-09-20,2023-08-11,Mussoorie,98,A
U471_x,Sneha,sneha471@gmail.com,9263892169,active,Verified,9,0,2024-03-28,2023-07-21,Dehradun,100,S
U256_x,Aditi,aditi256@yahoo.com,9829911369,active,Verified,15,0,2024-01-02,2023-05-17,Nainital,99,A
U323_x,Aditi,aditi323@outlook.com,9422498380,active,Verified,20,2,2024-03-05,2024-01-05,Dehradun,84,A
U018_x,Rahul,rahul18@yahoo.com,9334196764,active,Verified,29,5,2023-09-20,2023-08-11,Haridwar,59,R
U281_x,Sneha,sneha281@outlook.com,9780746771,active,Not Verified,30,6,2023-10-23,2023-07-31,Lansdowne,39,S
U223_x,Pooja,pooja223@yahoo.com,9743481593,active,Not Verified,6,1,2023-10-27,2023-06-26,Rishikesh,79,P
U058_x,Aman,aman58@outlook.com,9227997879,active,Not Verified,21,0,2024-01-11,2023-02-05,Rishikesh,89,A
U174_x,Neha,neha174@gmail.com,9426446009,active,Verified,35,4,2024-03-22,2023-10-15,Dehradun,63,N
U114_x,Aman,aman114@outlook.com,9342213209,active,Not Verified,26,2,2023-09-08,2023-03-24,Haridwar,79,A
U288_x,Rohit,rohit288@yahoo.com,9240934193,blocked,Verified,21,4,2024-01-20,2023-01-08,Dehradun,73,R
U342_x,Sneha,sneha342@gmail.com,9334090317,active,Verified,25,2,2023-08-01,2023-02-08,Dehradun,79,S
