id,code,type,discount,from,to,uses,maxUses,active,city,vehicleType,createdBy
PRO0001,GO300,Flat,300,2024-03-13,2024-03-23,459,500,True,Rishikesh,Scooty,Arjun Sharma
PRO0002,SUMMER20OFF,Percentage,20,2024-03-07,2024-04-06,389,100,True,All,All,Arjun Sharma
PRO0003,SUMMER250DEAL,Flat,250,2024-03-20,2024-04-13,187,500,False,Rishikesh,Bike,Arjun Sharma
PRO0004,FLAT15NOW,Percentage,15,2024-02-02,2024-02-15,173,200,True,Dehradun,Car,Priya Admin
PRO0005,BIKE500,Flat,500,2024-01-11,2024-01-20,294,500,False,All,Scooty,Arjun Sharma
PRO0006,SUMMER5DEAL,Percentage,5,2024-01-31,2024-02-20,222,500,True,All,Scooty,Arjun Sharma
PRO0007,SPEED300,Flat,300,2024-03-25,2024-04-18,189,100,True,Rishikesh,Bike,Priya Admin
PRO0008,MOUNTAIN30,Percentage,30,2024-01-09,2024-02-06,436,1000,True,Haridwar,All,Arjun Sharma
PRO0009,CAR500NOW,Flat,500,2024-01-25,2024-01-28,295,500,True,Mussoorie,All,Priya Admin
PRO0010,GO100,Flat,100,2024-03-10,2024-03-27,308,500,False,Rishikesh,Bike,Arjun Sharma
PRO0011,FLAT25OFF,Percentage,25,2024-02-06,2024-02-10,38,500,True,Rishikesh,All,Arjun Sharma
PRO0012,CAR25NOW,Percentage,25,2024-01-13,2024-01-20,27,500,False,Mussoorie,Scooty,Priya Admin
PRO0013,GO250DEAL,Flat,250,2024-03-11,2024-03-16,139,100,True,Dehradun,Scooty,Priya Admin
PRO0014,MOUNTAIN200NOW,Flat,200,2024-01-09,2024-01-31,328,100,False,Rishikesh,Scooty,Priya Admin
PRO0015,SPEED50OFF,Flat,50,2024-02-13,2024-02-28,115,100,False,All,All,Priya Admin
PRO0016,SAVE50DEAL,Flat,50,2024-03-15,2024-04-07,320,1000,False,Rishikesh,All,Arjun Sharma
PRO0017,SPEED15DEAL,Percentage,15,2024-01-07,2024-01-23,440,1000,True,Dehradun,Car,Arjun Sharma
PRO0018,GO250DEAL,Flat,250,2024-01-03,2024-02-01,329,500,False,Rishikesh,Scooty,Arjun Sharma
PRO0019,BIKE250,Flat,250,2024-03-30,2024-04-09,474,500,True,Rishikesh,Scooty,Arjun Sharma
PRO0020,MOUNTAIN30,Percentage,30,2024-01-25,2024-02-07,355,500,False,All,All,Arjun Sharma
PRO0021,SAVE10NOW,Percentage,10,2024-02-28,2024-03-15,36,500,True,Haridwar,Bike,Arjun Sharma
PRO0022,CAR5,Percentage,5,2024-01-10,2024-02-08,25,200,True,Rishikesh,Bike,Arjun Sharma
PRO0023,GO200,Flat,200,2024-01-25,2024-02-17,400,200,False,Auli,All,Arjun Sharma
PRO0024,RIDE15NOW,Percentage,15,2024-02-17,2024-02-25,273,100,True,Rishikesh,Bike,Arjun Sharma
PRO0025,FLAT150NOW,Flat,150,2024-03-22,2024-03-29,163,1000,False,All,Scooty,Priya Admin
PRO0026,GO30,Percentage,30,2024-03-25,2024-04-07,16,100,False,All,Car,Arjun Sharma
PRO0027,FLAT15,Percentage,15,2024-03-01,2024-03-30,467,100,False,Rishikesh,Car,Priya Admin
PRO0028,HILL25NOW,Percentage,25,2024-03-22,2024-03-26,317,500,True,Nainital,All,Priya Admin
PRO0029,CAR15,Percentage,15,2024-03-26,2024-04-22,489,500,True,Rishikesh,Car,Priya Admin
PRO0030,WEEKEND20NOW,Percentage,20,2024-01-12,2024-01-16,470,500,True,Dehradun,Scooty,Priya Admin
PRO0031,SAVE250DEAL,Flat,250,2024-03-11,2024-03-25,341,500,True,All,Scooty,Arjun Sharma
PRO0032,SPEED500DEAL,Flat,500,2024-03-04,2024-03-20,309,500,False,Haridwar,All,Arjun Sharma
PRO0033,MOUNTAIN15OFF,Percentage,15,2024-02-06,2024-03-04,457,500,True,Rishikesh,Bike,Priya Admin
PRO0034,SAVE150,Flat,150,2024-03-06,2024-04-05,330,100,True,Rishikesh,Car,Priya Admin
PRO0035,SPEED25OFF,Percentage,25,2024-03-07,2024-03-17,364,500,True,Dehradun,Car,Arjun Sharma
PRO0036,SUMMER5OFF,Percentage,5,2024-03-25,2024-04-08,39,200,True,Dehradun,All,Priya Admin
PRO0037,SAVE10NOW,Percentage,10,2024-03-03,2024-03-22,96,500,True,All,Bike,Priya Admin
PRO0038,BIKE30,Percentage,30,2024-01-23,2024-02-02,247,1000,True,Haridwar,Scooty,Arjun Sharma
PRO0039,FLAT15,Percentage,15,2024-03-07,2024-03-27,485,500,False,Dehradun,Car,Priya Admin
PRO0040,SAVE50NOW,Flat,50,2024-03-08,2024-03-25,140,100,False,Dehradun,Scooty,Arjun Sharma
PRO0041,SPEED50DEAL,Flat,50,2024-03-03,2024-03-17,224,1000,True,Lansdowne,All,Priya Admin
PRO0042,SAVE25DEAL,Percentage,25,2024-02-01,2024-02-27,76,500,True,Mussoorie,Car,Priya Admin
PRO0043,CAR150OFF,Flat,150,2024-01-10,2024-01-31,148,100,True,Dehradun,Scooty,Arjun Sharma
PRO0044,SUMMER250NOW,Flat,250,2024-02-02,2024-02-05,432,100,False,Dehradun,Scooty,Priya Admin
PRO0045,RIDE15OFF,Percentage,15,2024-02-09,2024-02-22,252,500,False,Dehradun,Car,Priya Admin
PRO0046,SUMMER15NOW,Percentage,15,2024-02-25,2024-03-20,350,500,False,Rishikesh,Scooty,Arjun Sharma
PRO0047,SAVE20,Percentage,20,2024-02-24,2024-03-14,370,500,True,Rishikesh,Scooty,Arjun Sharma
PRO0048,SUMMER25,Percentage,25,2024-01-01,2024-01-19,191,1000,True,Haridwar,Car,Priya Admin
PRO0049,SUMMER15DEAL,Percentage,15,2024-03-15,2024-03-29,298,500,True,Auli,Scooty,Arjun Sharma
PRO0050,HILL250OFF,Flat,250,2024-01-05,2024-02-04,304,1000,True,Dehradun,All,Priya Admin
PRO0051,SPEED25,Percentage,25,2024-03-07,2024-03-12,159,500,True,Mussoorie,Bike,Arjun Sharma
PRO0052,HILL25,Percentage,25,2024-03-18,2024-03-22,403,500,False,Rishikesh,Car,Priya Admin
PRO0053,WEEKEND10NOW,Percentage,10,2024-01-03,2024-01-27,343,100,True,Nainital,All,Arjun Sharma
PRO0054,RIDE25,Percentage,25,2024-03-02,2024-03-12,14,200,True,Chakrata,Bike,Arjun Sharma
PRO0055,HILL100OFF,Flat,100,2024-01-22,2024-01-31,426,1000,True,Rishikesh,Car,Arjun Sharma
PRO0056,FLAT30,Percentage,30,2024-02-19,2024-02-23,24,500,True,Rishikesh,Car,Arjun Sharma
PRO0057,SAVE20,Percentage,20,2024-03-25,2024-04-08,105,100,False,Lansdowne,Car,Arjun Sharma
PRO0058,FLAT100,Flat,100,2024-02-09,2024-03-09,99,500,False,Mussoorie,Car,Arjun Sharma
PRO0059,WEEKEND50,Flat,50,2024-03-22,2024-04-06,312,500,True,Mussoorie,Scooty,Priya Admin
PRO0060,SAVE30OFF,Percentage,30,2024-02-10,2024-02-15,58,1000,True,Auli,All,Arjun Sharma
PRO0061,TREK150,Flat,150,2024-02-23,2024-03-06,498,200,False,All,Bike,Priya Admin
PRO0062,GO5,Percentage,5,2024-02-22,2024-02-29,337,200,True,Mussoorie,Bike,Priya Admin
PRO0063,GO250,Flat,250,2024-03-19,2024-03-28,163,500,True,All,Bike,Arjun Sharma
PRO0064,SAVE50NOW,Flat,50,2024-03-23,2024-04-10,164,200,True,Haridwar,Scooty,Priya Admin
PRO0065,MOUNTAIN150,Flat,150,2024-02-10,2024-02-16,433,500,False,Haridwar,Car,Priya Admin
PRO0066,HILL25NOW,Percentage,25,2024-01-25,2024-02-10,216,500,False,Dehradun,All,Arjun Sharma
PRO0067,SUMMER10OFF,Percentage,10,2024-01-17,2024-02-09,114,500,True,Auli,Car,Arjun Sharma
PRO0068,GO15OFF,Percentage,15,2024-02-06,2024-03-03,422,500,True,Auli,Car,Priya Admin
PRO0069,TREK250OFF,Flat,250,2024-03-05,2024-03-24,316,1000,False,All,Bike,Priya Admin
PRO0070,WEEKEND15,Percentage,15,2024-02-06,2024-02-15,438,200,False,Haridwar,Car,Arjun Sharma
PRO0071,RIDE15DEAL,Percentage,15,2024-01-09,2024-01-27,404,1000,True,All,Scooty,Arjun Sharma
PRO0072,HILL200DEAL,Flat,200,2024-01-14,2024-01-28,212,100,True,Dehradun,All,Arjun Sharma
PRO0073,SUMMER5OFF,Percentage,5,2024-01-21,2024-01-29,107,500,True,Rishikesh,Bike,Arjun Sharma
PRO0074,MOUNTAIN250OFF,Flat,250,2024-03-06,2024-03-16,78,500,True,Rishikesh,Car,Arjun Sharma
PRO0075,MOUNTAIN20NOW,Percentage,20,2024-01-30,2024-02-22,380,200,True,Rishikesh,Bike,Priya Admin
PRO0076,SAVE15DEAL,Percentage,15,2024-03-23,2024-03-27,63,500,True,Mussoorie,Scooty,Priya Admin
PRO0077,CAR5DEAL,Percentage,5,2024-03-27,2024-04-02,389,500,True,Dehradun,Car,Arjun Sharma
PRO0078,SPEED10OFF,Percentage,10,2024-03-31,2024-04-24,172,500,False,Rishikesh,All,Arjun Sharma
PRO0079,TREK30,Percentage,30,2024-02-19,2024-03-19,361,200,True,All,Car,Priya Admin
PRO0080,MOUNTAIN25OFF,Percentage,25,2024-02-28,2024-03-09,360,500,True,Rishikesh,Car,Arjun Sharma
PRO0081,CAR250OFF,Flat,250,2024-03-01,2024-03-17,322,1000,True,Dehradun,Bike,Priya Admin
PRO0082,BIKE150OFF,Flat,150,2024-01-03,2024-01-27,7,500,True,Haridwar,Scooty,Arjun Sharma
PRO0083,GO50NOW,Flat,50,2024-03-02,2024-03-27,253,500,False,Mussoorie,Bike,Arjun Sharma
PRO0084,GO30NOW,Percentage,30,2024-03-13,2024-03-25,139,1000,True,Dehradun,All,Arjun Sharma
PRO0085,FLAT10DEAL,Percentage,10,2024-02-07,2024-02-12,57,1000,False,Rishikesh,Scooty,Arjun Sharma
PRO0086,RIDE100OFF,Flat,100,2024-02-12,2024-02-21,450,1000,True,Mussoorie,Scooty,Priya Admin
PRO0087,GO250DEAL,Flat,250,2024-02-25,2024-03-24,416,500,False,Rishikesh,All,Arjun Sharma
PRO0088,TREK100NOW,Flat,100,2024-01-09,2024-01-13,181,100,True,Haridwar,Scooty,Arjun Sharma
PRO0089,SAVE300OFF,Flat,300,2024-02-16,2024-03-11,40,100,True,Rishikesh,All,Arjun Sharma
PRO0090,MOUNTAIN30NOW,Percentage,30,2024-01-08,2024-02-01,169,500,True,Mussoorie,Car,Priya Admin
PRO0091,GO250DEAL,Flat,250,2024-01-25,2024-02-07,104,500,False,Dehradun,Car,Priya Admin
PRO0092,FLAT100,Flat,100,2024-01-13,2024-01-21,221,100,True,Haridwar,All,Arjun Sharma
PRO0093,CAR30,Percentage,30,2024-02-04,2024-02-08,446,500,True,Rishikesh,Car,Arjun Sharma
PRO0094,WEEKEND50,Flat,50,2024-02-15,2024-03-14,178,100,False,Haridwar,Car,Priya Admin
PRO0095,TREK300NOW,Flat,300,2024-01-21,2024-02-12,465,200,False,Rishikesh,Bike,Arjun Sharma
PRO0096,FLAT150DEAL,Flat,150,2024-02-27,2024-03-05,352,200,False,Nainital,Bike,Priya Admin
PRO0097,SPEED100,Flat,100,2024-03-17,2024-04-12,433,500,True,Dehradun,All,Priya Admin
PRO0098,MOUNTAIN300DEAL,Flat,300,2024-03-21,2024-04-01,344,200,False,Haridwar,Scooty,Priya Admin
PRO0099,MOUNTAIN20,Percentage,20,2024-02-25,2024-03-15,291,100,True,Mussoorie,Bike,Arjun Sharma
PRO0100,SUMMER500DEAL,Flat,500,2024-02-19,2024-03-05,452,200,False,Mussoorie,Scooty,Arjun Sharma
PRO0101,HILL5,Percentage,5,2024-03-18,2024-04-14,361,100,True,Haridwar,Car,Arjun Sharma
PRO0102,HILL250DEAL,Flat,250,2024-01-10,2024-01-15,332,200,True,Rishikesh,Bike,Priya Admin
PRO0103,HILL10,Percentage,10,2024-03-04,2024-03-26,272,1000,True,All,Bike,Priya Admin
PRO0104,MOUNTAIN150DEAL,Flat,150,2024-03-11,2024-03-28,101,1000,True,Dehradun,All,Priya Admin
PRO0105,WEEKEND10OFF,Percentage,10,2024-01-30,2024-02-02,473,200,True,Rishikesh,Scooty,Priya Admin
PRO0106,RIDE500OFF,Flat,500,2024-02-02,2024-02-07,35,100,True,Mussoorie,Bike,Priya Admin
PRO0107,CAR100NOW,Flat,100,2024-01-19,2024-02-04,101,100,True,All,All,Arjun Sharma
PRO0108,TREK30,Percentage,30,2024-03-24,2024-04-05,60,200,True,Chakrata,Car,Arjun Sharma
PRO0109,RIDE200NOW,Flat,200,2024-03-04,2024-03-09,156,1000,False,Haridwar,Car,Arjun Sharma
PRO0110,GO150OFF,Flat,150,2024-01-22,2024-01-30,108,200,False,Haridwar,Car,Priya Admin
PRO0111,BIKE30,Percentage,30,2024-03-17,2024-04-03,108,500,True,Rishikesh,Scooty,Priya Admin
PRO0112,RIDE250DEAL,Flat,250,2024-01-31,2024-02-23,90,100,False,Mussoorie,Scooty,Priya Admin
PRO0113,MOUNTAIN20OFF,Percentage,20,2024-02-06,2024-02-11,475,100,True,Dehradun,Car,Priya Admin
PRO0114,HILL250DEAL,Flat,250,2024-01-27,2024-01-30,7,100,True,Dehradun,All,Arjun Sharma
PRO0115,SUMMER250,Flat,250,2024-01-15,2024-01-26,345,500,True,All,Scooty,Arjun Sharma
PRO0116,MOUNTAIN150,Flat,150,2024-01-22,2024-02-08,95,1000,False,Rishikesh,Car,Priya Admin
PRO0117,GO20NOW,Percentage,20,2024-03-03,2024-03-19,312,1000,True,Rishikesh,Scooty,Arjun Sharma
PRO0118,TREK250OFF,Flat,250,2024-03-06,2024-03-22,2,100,False,Dehradun,Bike,Priya Admin
PRO0119,MOUNTAIN5NOW,Percentage,5,2024-02-27,2024-03-01,341,1000,True,Mussoorie,All,Priya Admin
PRO0120,GO250DEAL,Flat,250,2024-01-13,2024-02-12,61,500,False,Rishikesh,All,Priya Admin
PRO0121,BIKE10DEAL,Percentage,10,2024-03-10,2024-03-22,499,200,True,Chakrata,Bike,Arjun Sharma
PRO0122,SPEED250,Flat,250,2024-02-10,2024-03-06,157,100,False,Mussoorie,Scooty,Priya Admin
PRO0123,MOUNTAIN30,Percentage,30,2024-02-17,2024-03-10,450,200,True,Rishikesh,Scooty,Arjun Sharma
PRO0124,BIKE500,Flat,500,2024-01-06,2024-01-22,97,100,False,All,Bike,Priya Admin
PRO0125,MOUNTAIN300,Flat,300,2024-01-10,2024-01-15,70,1000,True,Chakrata,Bike,Arjun Sharma
PRO0126,FLAT300,Flat,300,2024-03-14,2024-04-12,355,200,True,Dehradun,All,Priya Admin
PRO0127,RIDE10OFF,Percentage,10,2024-01-26,2024-01-30,190,500,True,Dehradun,Car,Arjun Sharma
PRO0128,CAR30,Percentage,30,2024-01-16,2024-01-26,298,1000,False,Mussoorie,Bike,Priya Admin
PRO0129,SPEED20NOW,Percentage,20,2024-03-11,2024-03-28,482,500,False,Dehradun,All,Priya Admin
PRO0130,SPEED10NOW,Percentage,10,2024-03-16,2024-04-12,168,100,True,Haridwar,Scooty,Priya Admin
PRO0131,SPEED150OFF,Flat,150,2024-01-26,2024-01-29,419,100,True,Dehradun,Car,Arjun Sharma
PRO0132,BIKE100,Flat,100,2024-01-07,2024-01-15,40,100,True,Nainital,Car,Arjun Sharma
PRO0133,SUMMER25,Percentage,25,2024-01-16,2024-01-28,361,500,True,All,Scooty,Priya Admin
PRO0134,FLAT10,Percentage,10,2024-01-03,2024-01-26,232,500,True,Rishikesh,Car,Priya Admin
PRO0135,BIKE10OFF,Percentage,10,2024-02-26,2024-03-03,292,500,False,All,Bike,Priya Admin
PRO0136,SPEED500,Flat,500,2024-01-15,2024-02-12,345,1000,True,All,Scooty,Arjun Sharma
PRO0137,TREK500,Flat,500,2024-01-08,2024-01-27,392,500,False,Dehradun,Scooty,Arjun Sharma
PRO0138,RIDE10NOW,Percentage,10,2024-03-05,2024-03-11,7,500,True,Haridwar,All,Arjun Sharma
PRO0139,MOUNTAIN20NOW,Percentage,20,2024-02-22,2024-03-01,436,500,True,Dehradun,Car,Arjun Sharma
PRO0140,GO500DEAL,Flat,500,2024-03-09,2024-03-18,42,1000,True,Mussoorie,All,Arjun Sharma
PRO0141,SPEED150NOW,Flat,150,2024-02-05,2024-03-01,421,500,True,Mussoorie,Bike,Arjun Sharma
PRO0142,BIKE5,Percentage,5,2024-01-08,2024-01-16,481,500,True,All,Car,Arjun Sharma
PRO0143,SUMMER25,Percentage,25,2024-02-17,2024-03-07,423,100,True,Rishikesh,Bike,Arjun Sharma
PRO0144,BIKE100NOW,Flat,100,2024-02-13,2024-03-07,260,200,True,Dehradun,Car,Arjun Sharma
PRO0145,FLAT10NOW,Percentage,10,2024-03-29,2024-04-08,116,100,True,Chakrata,Scooty,Arjun Sharma
PRO0146,GO20,Percentage,20,2024-01-13,2024-01-28,92,1000,True,Haridwar,Car,Priya Admin
PRO0147,BIKE50OFF,Flat,50,2024-03-10,2024-03-15,432,500,True,Mussoorie,Scooty,Arjun Sharma
PRO0148,TREK50DEAL,Flat,50,2024-01-02,2024-01-25,242,200,False,All,All,Arjun Sharma
PRO0149,TREK5,Percentage,5,2024-01-28,2024-02-03,356,500,False,Dehradun,All,Priya Admin
PRO0150,SAVE5DEAL,Percentage,5,2024-02-05,2024-03-03,195,500,True,Haridwar,Car,Arjun Sharma
PRO0151,SAVE250,Flat,250,2024-02-22,2024-03-03,477,100,False,All,Scooty,Priya Admin
PRO0152,WEEKEND10,Percentage,10,2024-02-05,2024-02-19,132,100,True,Dehradun,All,Arjun Sharma
PRO0153,SPEED10NOW,Percentage,10,2024-01-04,2024-01-21,36,1000,True,Haridwar,All,Priya Admin
PRO0154,SPEED250DEAL,Flat,250,2024-02-04,2024-03-05,407,500,False,Dehradun,All,Priya Admin
PRO0155,GO25,Percentage,25,2024-02-09,2024-03-07,262,100,True,Mussoorie,Bike,Arjun Sharma
PRO0156,FLAT150DEAL,Flat,150,2024-02-02,2024-02-06,225,200,False,Rishikesh,Scooty,Arjun Sharma
PRO0157,RIDE10NOW,Percentage,10,2024-03-14,2024-03-30,78,100,False,Mussoorie,Scooty,Arjun Sharma
PRO0158,SUMMER250NOW,Flat,250,2024-03-27,2024-04-08,376,200,False,Dehradun,All,Arjun Sharma
PRO0159,SPEED50NOW,Flat,50,2024-03-30,2024-04-27,421,500,False,Dehradun,Scooty,Arjun Sharma
PRO0160,FLAT30,Percentage,30,2024-03-10,2024-04-07,294,200,False,Mussoorie,Car,Arjun Sharma
PRO0161,FLAT200NOW,Flat,200,2024-01-06,2024-02-02,45,200,False,Rishikesh,Car,Priya Admin
PRO0162,FLAT50NOW,Flat,50,2024-03-28,2024-04-13,199,1000,True,Rishikesh,All,Arjun Sharma
PRO0163,WEEKEND10,Percentage,10,2024-01-05,2024-01-23,267,100,False,Haridwar,Bike,Priya Admin
PRO0164,MOUNTAIN200NOW,Flat,200,2024-03-21,2024-04-11,93,500,False,Rishikesh,Car,Priya Admin
PRO0165,TREK50OFF,Flat,50,2024-02-14,2024-02-17,96,500,False,Mussoorie,Car,Arjun Sharma
PRO0166,CAR50,Flat,50,2024-03-05,2024-03-21,379,200,False,Chakrata,Bike,Priya Admin
PRO0167,CAR10NOW,Percentage,10,2024-03-16,2024-04-07,276,500,True,Chakrata,All,Arjun Sharma
PRO0168,BIKE30,Percentage,30,2024-01-31,2024-02-10,289,200,True,Dehradun,All,Arjun Sharma
PRO0169,GO20DEAL,Percentage,20,2024-02-23,2024-03-08,426,500,False,Dehradun,Car,Arjun Sharma
PRO0170,WEEKEND200OFF,Flat,200,2024-02-12,2024-03-09,427,500,True,Mussoorie,All,Priya Admin
PRO0171,TREK10,Percentage,10,2024-03-28,2024-04-14,288,100,True,Dehradun,All,Arjun Sharma
PRO0172,GO25,Percentage,25,2024-02-23,2024-03-05,96,1000,True,Mussoorie,Scooty,Arjun Sharma
PRO0173,HILL300NOW,Flat,300,2024-01-25,2024-02-09,453,100,True,Nainital,Car,Arjun Sharma
PRO0174,TREK300DEAL,Flat,300,2024-03-28,2024-04-18,477,200,False,Haridwar,Car,Priya Admin
PRO0175,SUMMER250DEAL,Flat,250,2024-03-10,2024-04-05,49,200,True,Chakrata,Scooty,Priya Admin
PRO0176,GO15NOW,Percentage,15,2024-01-05,2024-02-02,172,500,True,Rishikesh,Car,Priya Admin
PRO0177,CAR25NOW,Percentage,25,2024-03-09,2024-03-29,226,500,False,Nainital,All,Arjun Sharma
PRO0178,RIDE25,Percentage,25,2024-01-15,2024-02-05,236,100,True,Rishikesh,All,Priya Admin
PRO0179,SAVE5,Percentage,5,2024-01-13,2024-01-23,417,500,False,Dehradun,Bike,Arjun Sharma
PRO0180,MOUNTAIN50DEAL,Flat,50,2024-02-07,2024-02-22,243,500,True,Nainital,Car,Priya Admin
PRO0181,MOUNTAIN10NOW,Percentage,10,2024-02-22,2024-03-17,468,200,True,Mussoorie,All,Arjun Sharma
PRO0182,SPEED150,Flat,150,2024-02-07,2024-02-19,145,200,False,Dehradun,All,Arjun Sharma
PRO0183,GO150NOW,Flat,150,2024-03-17,2024-04-01,52,1000,True,Nainital,Bike,Arjun Sharma
PRO0184,BIKE250,Flat,250,2024-01-01,2024-01-22,355,500,True,All,Car,Priya Admin
PRO0185,WEEKEND200,Flat,200,2024-01-09,2024-01-26,294,500,True,Nainital,Bike,Priya Admin
PRO0186,HILL300NOW,Flat,300,2024-01-21,2024-02-03,68,100,True,All,All,Arjun Sharma
PRO0187,BIKE15DEAL,Percentage,15,2024-02-28,2024-03-26,191,100,True,Dehradun,Car,Priya Admin
PRO0188,SPEED50OFF,Flat,50,2024-02-14,2024-03-01,21,500,False,All,Scooty,Priya Admin
PRO0189,MOUNTAIN100,Flat,100,2024-01-24,2024-01-27,230,500,True,Dehradun,Bike,Arjun Sharma
PRO0190,SUMMER100OFF,Flat,100,2024-02-28,2024-03-02,328,1000,False,Haridwar,All,Priya Admin
PRO0191,RIDE5OFF,Percentage,5,2024-03-26,2024-04-24,456,500,True,Mussoorie,Bike,Arjun Sharma
PRO0192,HILL200NOW,Flat,200,2024-02-16,2024-03-03,313,500,False,Rishikesh,Car,Arjun Sharma
PRO0193,SAVE15,Percentage,15,2024-01-15,2024-02-11,144,200,True,All,All,Priya Admin
PRO0194,CAR150DEAL,Flat,150,2024-03-01,2024-03-31,223,500,True,Haridwar,Scooty,Priya Admin
PRO0195,SUMMER500,Flat,500,2024-02-08,2024-02-22,91,500,True,Mussoorie,Car,Priya Admin
PRO0196,GO30DEAL,Percentage,30,2024-03-19,2024-04-12,46,1000,True,Dehradun,Scooty,Arjun Sharma
PRO0197,HILL50NOW,Flat,50,2024-01-12,2024-02-01,271,1000,True,All,All,Priya Admin
PRO0198,HILL250NOW,Flat,250,2024-03-02,2024-03-26,153,1000,False,Auli,Scooty,Arjun Sharma
PRO0199,GO10NOW,Percentage,10,2024-01-09,2024-01-28,436,200,True,All,Scooty,Arjun Sharma
PRO0200,GO300NOW,Flat,300,2024-03-10,2024-03-29,224,500,False,Dehradun,All,Priya Admin
PRO0201,GO30DEAL,Percentage,30,2024-02-11,2024-02-29,206,200,True,Dehradun,Bike,Priya Admin
PRO0202,TREK150NOW,Flat,150,2024-01-12,2024-02-01,439,500,False,Rishikesh,All,Arjun Sharma
PRO0203,RIDE15,Percentage,15,2024-01-10,2024-02-03,64,500,True,All,All,Priya Admin
PRO0204,SAVE150NOW,Flat,150,2024-01-14,2024-02-06,429,1000,False,Auli,All,Priya Admin
PRO0205,RIDE30,Percentage,30,2024-02-14,2024-03-06,212,1000,True,All,Car,Priya Admin
PRO0206,SUMMER10OFF,Percentage,10,2024-02-19,2024-03-02,134,1000,False,Rishikesh,Bike,Priya Admin
PRO0207,RIDE250DEAL,Flat,250,2024-02-27,2024-03-26,58,1000,True,Dehradun,Bike,Arjun Sharma
PRO0208,RIDE300,Flat,300,2024-01-16,2024-01-21,256,100,True,Dehradun,Car,Arjun Sharma
PRO0209,HILL30DEAL,Percentage,30,2024-03-09,2024-03-20,417,500,True,Haridwar,Bike,Priya Admin
PRO0210,RIDE10,Percentage,10,2024-03-12,2024-03-20,34,200,True,Haridwar,All,Arjun Sharma
PRO0211,TREK200DEAL,Flat,200,2024-03-15,2024-04-12,319,500,True,Mussoorie,All,Priya Admin
PRO0212,HILL250OFF,Flat,250,2024-03-07,2024-04-05,70,500,False,Rishikesh,Car,Priya Admin
PRO0213,SUMMER200OFF,Flat,200,2024-01-19,2024-02-06,238,100,True,Rishikesh,Car,Priya Admin
PRO0214,BIKE150,Flat,150,2024-03-13,2024-04-02,308,100,True,All,All,Priya Admin
PRO0215,SPEED250OFF,Flat,250,2024-01-26,2024-01-30,472,1000,True,Nainital,Car,Priya Admin
PRO0216,SAVE15NOW,Percentage,15,2024-02-04,2024-03-02,464,200,True,Nainital,Car,Arjun Sharma
PRO0217,SAVE25,Percentage,25,2024-01-23,2024-02-09,125,500,False,Mussoorie,All,Arjun Sharma
PRO0218,SUMMER10DEAL,Percentage,10,2024-01-05,2024-01-13,335,100,False,Haridwar,Car,Arjun Sharma
PRO0219,WEEKEND20DEAL,Percentage,20,2024-03-06,2024-03-17,148,100,False,Haridwar,Bike,Arjun Sharma
PRO0220,GO50NOW,Flat,50,2024-01-01,2024-01-28,255,1000,True,Haridwar,All,Arjun Sharma
PRO0221,HILL10OFF,Percentage,10,2024-02-25,2024-02-28,146,1000,True,Rishikesh,Bike,Priya Admin
PRO0222,SPEED150DEAL,Flat,150,2024-03-09,2024-03-21,325,200,True,Dehradun,Bike,Arjun Sharma
PRO0223,FLAT10DEAL,Percentage,10,2024-03-10,2024-04-03,124,1000,False,All,Scooty,Arjun Sharma
PRO0224,FLAT30,Percentage,30,2024-02-15,2024-03-06,89,100,True,All,Car,Priya Admin
PRO0225,SAVE250OFF,Flat,250,2024-01-20,2024-01-27,47,200,False,All,Bike,Priya Admin
PRO0226,GO250OFF,Flat,250,2024-03-05,2024-03-27,376,500,True,Dehradun,Scooty,Arjun Sharma
PRO0227,FLAT50NOW,Flat,50,2024-01-17,2024-02-13,10,1000,True,Dehradun,Scooty,Arjun Sharma
PRO0228,FLAT150DEAL,Flat,150,2024-04-01,2024-04-30,376,1000,True,Mussoorie,Scooty,Arjun Sharma
PRO0229,TREK10NOW,Percentage,10,2024-01-15,2024-01-29,409,500,False,Dehradun,All,Arjun Sharma
PRO0230,SAVE100DEAL,Flat,100,2024-02-19,2024-03-18,307,1000,False,Mussoorie,Car,Priya Admin
PRO0231,TREK150,Flat,150,2024-03-06,2024-03-15,413,100,False,Dehradun,Car,Priya Admin
PRO0232,CAR100OFF,Flat,100,2024-02-18,2024-02-27,355,1000,True,All,Scooty,Arjun Sharma
PRO0233,SUMMER20,Percentage,20,2024-02-09,2024-02-17,88,200,True,Rishikesh,Bike,Arjun Sharma
PRO0234,TREK100DEAL,Flat,100,2024-02-25,2024-03-12,291,1000,True,Haridwar,Car,Arjun Sharma
PRO0235,CAR25DEAL,Percentage,25,2024-02-21,2024-03-16,112,200,True,Dehradun,Car,Arjun Sharma
PRO0236,SUMMER5,Percentage,5,2024-01-10,2024-02-09,241,100,False,All,All,Arjun Sharma
PRO0237,RIDE10OFF,Percentage,10,2024-01-08,2024-01-22,383,200,True,Mussoorie,Car,Priya Admin
PRO0238,WEEKEND25DEAL,Percentage,25,2024-03-14,2024-04-02,217,1000,True,Rishikesh,All,Arjun Sharma
PRO0239,SAVE200NOW,Flat,200,2024-03-09,2024-03-17,422,500,False,Haridwar,All,Arjun Sharma
PRO0240,SPEED100NOW,Flat,100,2024-03-13,2024-03-17,165,100,False,Mussoorie,Car,Priya Admin
PRO0241,HILL500OFF,Flat,500,2024-01-05,2024-01-13,62,1000,True,Chakrata,Car,Arjun Sharma
PRO0242,FLAT30,Percentage,30,2024-02-09,2024-03-10,201,200,True,Mussoorie,All,Priya Admin
PRO0243,SPEED15,Percentage,15,2024-01-12,2024-02-05,416,500,False,Haridwar,Car,Priya Admin
PRO0244,SPEED200NOW,Flat,200,2024-03-09,2024-03-25,203,500,True,All,All,Priya Admin
PRO0245,WEEKEND30,Percentage,30,2024-03-05,2024-03-17,2,100,False,Dehradun,Scooty,Priya Admin
PRO0246,HILL20,Percentage,20,2024-03-06,2024-03-17,8,1000,True,Lansdowne,Bike,Arjun Sharma
PRO0247,GO15OFF,Percentage,15,2024-03-25,2024-04-18,114,1000,True,Auli,Bike,Arjun Sharma
PRO0248,FLAT30,Percentage,30,2024-01-31,2024-02-11,59,500,True,Mussoorie,Scooty,Priya Admin
PRO0249,SPEED250,Flat,250,2024-02-23,2024-03-23,21,100,True,All,All,Arjun Sharma
PRO0250,SAVE100NOW,Flat,100,2024-03-23,2024-04-18,311,200,True,Haridwar,Bike,Priya Admin
PRO0251,SPEED15,Percentage,15,2024-01-08,2024-01-15,328,1000,False,All,All,Priya Admin
PRO0252,GO300,Flat,300,2024-02-14,2024-03-09,332,100,True,Rishikesh,Car,Priya Admin
PRO0253,SUMMER50,Flat,50,2024-03-29,2024-04-07,475,200,False,Mussoorie,Bike,Priya Admin
PRO0254,SAVE30DEAL,Percentage,30,2024-03-09,2024-03-20,198,500,False,Rishikesh,All,Arjun Sharma
PRO0255,TREK10DEAL,Percentage,10,2024-03-05,2024-03-19,436,100,True,Rishikesh,Bike,Arjun Sharma
PRO0256,HILL300,Flat,300,2024-02-05,2024-02-18,33,1000,False,All,Scooty,Arjun Sharma
PRO0257,SUMMER20,Percentage,20,2024-03-25,2024-03-29,216,500,True,Dehradun,Car,Priya Admin
PRO0258,RIDE10,Percentage,10,2024-03-01,2024-03-22,321,100,True,All,Bike,Priya Admin
PRO0259,TREK150,Flat,150,2024-02-23,2024-03-24,310,500,False,Rishikesh,All,Priya Admin
PRO0260,SPEED25,Percentage,25,2024-02-25,2024-03-18,312,500,True,All,All,Arjun Sharma
PRO0261,SUMMER25,Percentage,25,2024-03-14,2024-03-21,246,500,True,Rishikesh,Car,Arjun Sharma
PRO0262,RIDE25OFF,Percentage,25,2024-03-04,2024-03-17,353,1000,True,All,Bike,Priya Admin
PRO0263,SUMMER25NOW,Percentage,25,2024-03-28,2024-04-12,163,1000,True,Dehradun,Car,Priya Admin
PRO0264,MOUNTAIN150OFF,Flat,150,2024-03-26,2024-04-19,14,1000,False,Auli,Bike,Priya Admin
PRO0265,WEEKEND250OFF,Flat,250,2024-01-31,2024-02-04,409,500,True,Haridwar,Scooty,Priya Admin
PRO0266,TREK300DEAL,Flat,300,2024-02-01,2024-02-12,315,100,False,All,Car,Arjun Sharma
PRO0267,SUMMER250,Flat,250,2024-03-10,2024-03-20,426,200,True,All,Scooty,Priya Admin
PRO0268,BIKE15OFF,Percentage,15,2024-01-07,2024-01-25,70,500,True,Mussoorie,Scooty,Priya Admin
PRO0269,SUMMER20,Percentage,20,2024-02-27,2024-03-22,3,200,True,Dehradun,Scooty,Arjun Sharma
PRO0270,FLAT50NOW,Flat,50,2024-03-04,2024-03-16,387,500,True,Haridwar,All,Priya Admin
PRO0271,WEEKEND5,Percentage,5,2024-01-08,2024-01-11,116,200,True,All,Bike,Arjun Sharma
PRO0272,WEEKEND500DEAL,Flat,500,2024-03-11,2024-04-01,468,100,True,Nainital,Bike,Arjun Sharma
PRO0273,GO15,Percentage,15,2024-03-25,2024-04-17,297,200,True,Mussoorie,Bike,Priya Admin
PRO0274,TREK100NOW,Flat,100,2024-03-23,2024-04-09,486,500,True,Dehradun,Car,Priya Admin
PRO0275,GO15OFF,Percentage,15,2024-03-29,2024-04-21,105,1000,False,Haridwar,Scooty,Priya Admin
PRO0276,SUMMER50DEAL,Flat,50,2024-03-21,2024-04-11,263,1000,False,Haridwar,Bike,Arjun Sharma
PRO0277,TREK10NOW,Percentage,10,2024-03-07,2024-03-14,177,1000,True,Mussoorie,Scooty,Arjun Sharma
PRO0278,CAR20,Percentage,20,2024-02-21,2024-03-08,297,100,True,All,Bike,Priya Admin
PRO0279,GO300NOW,Flat,300,2024-01-04,2024-01-28,356,1000,True,All,Car,Priya Admin
PRO0280,HILL500DEAL,Flat,500,2024-03-17,2024-04-03,307,1000,True,Mussoorie,All,Arjun Sharma
PRO0281,SPEED150,Flat,150,2024-01-05,2024-01-31,68,200,False,Dehradun,Scooty,Arjun Sharma
PRO0282,HILL25DEAL,Percentage,25,2024-01-31,2024-02-11,353,100,False,Nainital,Scooty,Priya Admin
PRO0283,WEEKEND500NOW,Flat,500,2024-02-13,2024-03-01,125,500,False,Rishikesh,Scooty,Arjun Sharma
PRO0284,RIDE100OFF,Flat,100,2024-01-11,2024-01-28,34,200,True,Haridwar,Scooty,Arjun Sharma
PRO0285,CAR10OFF,Percentage,10,2024-04-01,2024-04-28,301,500,True,Nainital,Scooty,Priya Admin
PRO0286,GO5OFF,Percentage,5,2024-03-06,2024-03-25,255,100,True,Nainital,All,Arjun Sharma
PRO0287,CAR100,Flat,100,2024-01-25,2024-02-18,177,500,True,Rishikesh,All,Priya Admin
PRO0288,CAR500,Flat,500,2024-02-28,2024-03-02,497,500,True,Rishikesh,All,Arjun Sharma
PRO0289,BIKE500,Flat,500,2024-01-21,2024-02-02,323,500,False,Rishikesh,Car,Arjun Sharma
PRO0290,SAVE150,Flat,150,2024-01-07,2024-01-29,213,200,True,Auli,Scooty,Priya Admin
PRO0291,BIKE15NOW,Percentage,15,2024-01-02,2024-01-21,83,500,False,Dehradun,Bike,Arjun Sharma
PRO0292,HILL15,Percentage,15,2024-02-20,2024-03-07,32,500,True,Mussoorie,Scooty,Arjun Sharma
PRO0293,BIKE15,Percentage,15,2024-02-12,2024-03-08,410,500,True,All,Scooty,Arjun Sharma
PRO0294,RIDE10,Percentage,10,2024-01-23,2024-01-28,284,500,True,Dehradun,All,Arjun Sharma
PRO0295,CAR200,Flat,200,2024-01-14,2024-02-13,242,200,True,All,Scooty,Priya Admin
PRO0296,FLAT15DEAL,Percentage,15,2024-02-22,2024-03-22,153,500,True,All,Bike,Arjun Sharma
PRO0297,SPEED150DEAL,Flat,150,2024-03-16,2024-03-21,381,500,True,Haridwar,Scooty,Arjun Sharma
PRO0298,RIDE30OFF,Percentage,30,2024-01-26,2024-02-10,262,1000,False,Mussoorie,Car,Arjun Sharma
PRO0299,RIDE20DEAL,Percentage,20,2024-02-07,2024-02-18,91,500,False,Dehradun,All,Priya Admin
PRO0300,HILL100,Flat,100,2024-02-20,2024-03-02,413,1000,False,Haridwar,Scooty,Priya Admin
PRO0301,SAVE10DEAL,Percentage,10,2024-02-03,2024-02-08,76,500,False,Rishikesh,Scooty,Priya Admin
PRO0302,FLAT30,Percentage,30,2024-02-10,2024-02-19,292,100,False,Dehradun,Car,Arjun Sharma
PRO0303,BIKE50OFF,Flat,50,2024-02-18,2024-02-27,307,500,True,Rishikesh,All,Arjun Sharma
PRO0304,WEEKEND20DEAL,Percentage,20,2024-01-11,2024-01-15,316,500,True,Dehradun,Car,Arjun Sharma
PRO0305,WEEKEND500,Flat,500,2024-03-01,2024-03-26,287,100,True,Dehradun,All,Priya Admin
PRO0306,RIDE25OFF,Percentage,25,2024-01-13,2024-01-28,290,200,False,Chakrata,Scooty,Arjun Sharma
PRO0307,GO250NOW,Flat,250,2024-01-29,2024-02-05,184,1000,False,Dehradun,Bike,Priya Admin
PRO0308,TREK10OFF,Percentage,10,2024-03-06,2024-04-02,1,100,True,All,All,Arjun Sharma
PRO0309,SPEED15NOW,Percentage,15,2024-02-16,2024-02-22,292,100,True,Rishikesh,Scooty,Arjun Sharma
PRO0310,HILL250OFF,Flat,250,2024-01-11,2024-01-17,313,200,True,All,Car,Arjun Sharma
PRO0311,RIDE30,Percentage,30,2024-01-27,2024-02-10,463,500,True,Rishikesh,Scooty,Arjun Sharma
PRO0312,CAR150,Flat,150,2024-03-30,2024-04-28,394,500,False,All,All,Priya Admin
PRO0313,HILL15,Percentage,15,2024-02-27,2024-03-22,387,1000,True,Mussoorie,Bike,Arjun Sharma
PRO0314,GO15OFF,Percentage,15,2024-02-06,2024-02-21,416,100,True,Rishikesh,Scooty,Arjun Sharma
PRO0315,CAR25DEAL,Percentage,25,2024-02-25,2024-03-26,329,1000,False,Dehradun,Bike,Arjun Sharma
PRO0316,SPEED10OFF,Percentage,10,2024-02-02,2024-02-10,231,500,False,Rishikesh,All,Arjun Sharma
PRO0317,FLAT150OFF,Flat,150,2024-01-14,2024-01-26,478,500,False,All,Car,Priya Admin
PRO0318,SAVE250NOW,Flat,250,2024-01-01,2024-01-12,144,100,True,Rishikesh,Car,Priya Admin
PRO0319,BIKE5DEAL,Percentage,5,2024-02-14,2024-03-02,341,100,True,Rishikesh,Car,Arjun Sharma
PRO0320,MOUNTAIN25DEAL,Percentage,25,2024-02-01,2024-02-24,153,500,False,Nainital,Car,Priya Admin
PRO0321,FLAT25,Percentage,25,2024-03-16,2024-03-30,385,500,False,Mussoorie,Scooty,Priya Admin
PRO0322,GO200,Flat,200,2024-01-18,2024-02-12,380,500,False,Dehradun,Scooty,Priya Admin
PRO0323,SUMMER15NOW,Percentage,15,2024-04-01,2024-04-04,480,200,True,Rishikesh,Scooty,Priya Admin
PRO0324,SAVE15,Percentage,15,2024-03-19,2024-04-18,474,1000,True,Mussoorie,Bike,Priya Admin
PRO0325,CAR15OFF,Percentage,15,2024-01-23,2024-02-11,2,500,False,Mussoorie,All,Arjun Sharma
PRO0326,GO5,Percentage,5,2024-03-01,2024-03-24,304,500,True,Dehradun,All,Arjun Sharma
PRO0327,WEEKEND100,Flat,100,2024-03-21,2024-03-27,140,200,True,Rishikesh,Car,Priya Admin
PRO0328,MOUNTAIN10NOW,Percentage,10,2024-01-07,2024-02-02,443,500,True,All,All,Arjun Sharma
PRO0329,CAR50OFF,Flat,50,2024-01-03,2024-01-06,86,1000,True,All,Bike,Priya Admin
PRO0330,GO250,Flat,250,2024-03-14,2024-04-12,126,500,False,Haridwar,Car,Arjun Sharma
PRO0331,MOUNTAIN20OFF,Percentage,20,2024-01-05,2024-01-15,153,100,True,All,Scooty,Priya Admin
PRO0332,GO5,Percentage,5,2024-01-30,2024-02-17,251,100,False,Dehradun,Scooty,Priya Admin
PRO0333,GO15,Percentage,15,2024-02-18,2024-02-21,456,500,False,Rishikesh,Bike,Arjun Sharma
PRO0334,MOUNTAIN50OFF,Flat,50,2024-02-15,2024-02-20,330,500,True,Rishikesh,All,Arjun Sharma
PRO0335,SAVE300,Flat,300,2024-02-07,2024-02-28,52,1000,True,All,All,Arjun Sharma
PRO0336,HILL150OFF,Flat,150,2024-03-05,2024-03-31,241,200,False,Haridwar,All,Arjun Sharma
PRO0337,SPEED15,Percentage,15,2024-03-18,2024-04-08,142,500,False,Rishikesh,Bike,Arjun Sharma
PRO0338,CAR250NOW,Flat,250,2024-03-25,2024-04-10,38,500,True,All,Bike,Priya Admin
PRO0339,BIKE500DEAL,Flat,500,2024-03-03,2024-03-08,224,1000,True,Mussoorie,All,Arjun Sharma
PRO0340,RIDE10NOW,Percentage,10,2024-02-16,2024-02-25,417,200,False,Haridwar,All,Priya Admin
PRO0341,FLAT10,Percentage,10,2024-02-04,2024-02-07,190,500,True,Nainital,Scooty,Priya Admin
PRO0342,SAVE5OFF,Percentage,5,2024-03-25,2024-04-17,277,1000,True,Dehradun,Car,Priya Admin
PRO0343,TREK5,Percentage,5,2024-01-15,2024-02-14,389,500,True,Rishikesh,Car,Arjun Sharma
PRO0344,FLAT30,Percentage,30,2024-03-31,2024-04-15,171,100,True,Dehradun,Scooty,Priya Admin
PRO0345,RIDE250,Flat,250,2024-01-16,2024-01-27,111,1000,False,Dehradun,All,Arjun Sharma
PRO0346,SPEED5OFF,Percentage,5,2024-01-14,2024-01-17,284,200,True,All,Bike,Arjun Sharma
PRO0347,TREK150DEAL,Flat,150,2024-02-03,2024-02-24,41,500,True,Haridwar,All,Priya Admin
PRO0348,HILL500,Flat,500,2024-02-11,2024-02-16,57,500,True,Dehradun,All,Arjun Sharma
PRO0349,SAVE150,Flat,150,2024-03-18,2024-04-12,489,500,True,All,Car,Priya Admin
PRO0350,SUMMER25,Percentage,25,2024-01-06,2024-01-28,489,100,True,Rishikesh,All,Arjun Sharma
PRO0351,HILL10,Percentage,10,2024-01-11,2024-01-26,491,200,True,Rishikesh,All,Arjun Sharma
PRO0352,FLAT20,Percentage,20,2024-02-14,2024-02-17,419,500,True,Haridwar,Scooty,Priya Admin
PRO0353,SPEED25NOW,Percentage,25,2024-01-15,2024-01-19,56,100,True,Rishikesh,Scooty,Priya Admin
PRO0354,MOUNTAIN5,Percentage,5,2024-02-11,2024-03-04,276,1000,True,Nainital,Car,Priya Admin
PRO0355,GO300OFF,Flat,300,2024-02-15,2024-03-11,304,200,True,Rishikesh,Scooty,Priya Admin
PRO0356,SAVE150NOW,Flat,150,2024-03-13,2024-03-23,489,500,True,Dehradun,Scooty,Arjun Sharma
PRO0357,CAR20,Percentage,20,2024-03-21,2024-04-18,447,1000,False,Haridwar,Bike,Arjun Sharma
PRO0358,WEEKEND5OFF,Percentage,5,2024-03-17,2024-04-03,11,1000,True,Mussoorie,Scooty,Priya Admin
PRO0359,FLAT10DEAL,Percentage,10,2024-04-01,2024-04-09,469,500,True,Dehradun,All,Arjun Sharma
PRO0360,FLAT200,Flat,200,2024-02-23,2024-02-29,279,100,True,Mussoorie,Car,Priya Admin
PRO0361,SPEED15,Percentage,15,2024-02-19,2024-03-07,31,500,False,All,Car,Priya Admin
PRO0362,MOUNTAIN150DEAL,Flat,150,2024-03-04,2024-03-09,131,500,False,Mussoorie,Scooty,Priya Admin
PRO0363,SAVE25,Percentage,25,2024-02-20,2024-02-25,437,500,True,All,Car,Arjun Sharma
PRO0364,SAVE15DEAL,Percentage,15,2024-02-08,2024-03-02,438,500,True,Haridwar,Car,Arjun Sharma
PRO0365,GO20,Percentage,20,2024-02-14,2024-02-24,233,200,False,All,All,Priya Admin
PRO0366,FLAT200OFF,Flat,200,2024-02-21,2024-03-10,433,500,True,Dehradun,Bike,Arjun Sharma
PRO0367,HILL200,Flat,200,2024-03-16,2024-04-06,207,500,False,Dehradun,Bike,Priya Admin
PRO0368,HILL500NOW,Flat,500,2024-01-08,2024-02-05,281,200,True,Rishikesh,Scooty,Arjun Sharma
PRO0369,HILL25,Percentage,25,2024-01-18,2024-01-25,391,1000,True,Dehradun,Bike,Priya Admin
PRO0370,HILL20NOW,Percentage,20,2024-01-01,2024-01-06,88,1000,True,Mussoorie,Bike,Arjun Sharma
PRO0371,CAR50DEAL,Flat,50,2024-01-25,2024-02-07,480,200,False,All,All,Arjun Sharma
PRO0372,MOUNTAIN10,Percentage,10,2024-01-26,2024-02-18,26,200,True,All,Bike,Arjun Sharma
PRO0373,TREK500DEAL,Flat,500,2024-02-21,2024-03-10,8,1000,True,All,Car,Arjun Sharma
PRO0374,SPEED5DEAL,Percentage,5,2024-01-10,2024-01-23,356,500,True,All,Bike,Priya Admin
PRO0375,GO100DEAL,Flat,100,2024-03-28,2024-04-03,277,200,True,Rishikesh,Bike,Arjun Sharma
PRO0376,BIKE100NOW,Flat,100,2024-03-31,2024-04-30,129,500,False,Mussoorie,All,Priya Admin
PRO0377,RIDE100,Flat,100,2024-03-24,2024-04-15,106,200,True,Rishikesh,All,Priya Admin
PRO0378,SUMMER5DEAL,Percentage,5,2024-03-06,2024-03-13,172,1000,True,Lansdowne,All,Arjun Sharma
PRO0379,GO50,Flat,50,2024-01-23,2024-01-29,97,200,True,All,All,Priya Admin
PRO0380,TREK25DEAL,Percentage,25,2024-02-08,2024-02-19,322,500,False,All,Scooty,Priya Admin
PRO0381,HILL15,Percentage,15,2024-01-26,2024-02-11,52,1000,True,Dehradun,Bike,Priya Admin
PRO0382,SAVE300,Flat,300,2024-03-02,2024-03-27,323,1000,True,Rishikesh,Bike,Arjun Sharma
PRO0383,SAVE5OFF,Percentage,5,2024-01-17,2024-01-25,66,200,False,Rishikesh,Scooty,Priya Admin
PRO0384,TREK100OFF,Flat,100,2024-01-28,2024-02-21,376,500,False,Lansdowne,Scooty,Arjun Sharma
PRO0385,MOUNTAIN5,Percentage,5,2024-01-09,2024-01-22,82,1000,False,Dehradun,Bike,Arjun Sharma
PRO0386,CAR500DEAL,Flat,500,2024-03-01,2024-03-17,64,100,True,Nainital,All,Arjun Sharma
PRO0387,RIDE500,Flat,500,2024-03-29,2024-04-28,20,100,True,All,All,Priya Admin
PRO0388,FLAT50OFF,Flat,50,2024-01-07,2024-02-05,331,100,True,Rishikesh,Scooty,Priya Admin
PRO0389,WEEKEND300OFF,Flat,300,2024-02-14,2024-02-19,280,500,True,Mussoorie,Bike,Arjun Sharma
PRO0390,GO500OFF,Flat,500,2024-03-31,2024-04-27,422,500,False,Nainital,All,Arjun Sharma
PRO0391,SAVE500DEAL,Flat,500,2024-01-28,2024-02-05,270,500,True,All,Scooty,Priya Admin
PRO0392,SPEED150DEAL,Flat,150,2024-02-29,2024-03-18,159,200,True,All,Bike,Arjun Sharma
PRO0393,SUMMER200OFF,Flat,200,2024-01-31,2024-02-27,447,500,True,Dehradun,Scooty,Priya Admin
PRO0394,TREK5,Percentage,5,2024-02-21,2024-02-25,135,1000,True,All,Bike,Arjun Sharma
PRO0395,SAVE10DEAL,Percentage,10,2024-03-23,2024-04-17,324,500,False,Rishikesh,Car,Priya Admin
PRO0396,BIKE500DEAL,Flat,500,2024-03-26,2024-04-10,154,500,True,Rishikesh,All,Priya Admin
PRO0397,BIKE100,Flat,100,2024-03-20,2024-04-15,131,200,True,Dehradun,All,Arjun Sharma
PRO0398,RIDE25,Percentage,25,2024-01-11,2024-01-22,66,1000,True,Rishikesh,Scooty,Arjun Sharma
PRO0399,FLAT10DEAL,Percentage,10,2024-03-17,2024-03-31,187,200,False,Nainital,All,Arjun Sharma
PRO0400,SPEED100NOW,Flat,100,2024-01-02,2024-01-31,225,200,True,Haridwar,Scooty,Arjun Sharma
PRO0401,RIDE25DEAL,Percentage,25,2024-03-19,2024-04-14,204,500,True,Dehradun,Scooty,Priya Admin
PRO0402,BIKE25,Percentage,25,2024-01-15,2024-02-13,389,500,False,Mussoorie,Bike,Arjun Sharma
PRO0403,HILL30OFF,Percentage,30,2024-02-11,2024-02-14,318,500,True,Haridwar,Car,Priya Admin
PRO0404,GO15,Percentage,15,2024-01-05,2024-01-20,177,100,False,Rishikesh,Bike,Priya Admin
PRO0405,MOUNTAIN200,Flat,200,2024-03-22,2024-04-07,240,1000,False,Haridwar,Bike,Priya Admin
PRO0406,SAVE25DEAL,Percentage,25,2024-01-16,2024-01-28,209,500,True,All,Car,Priya Admin
PRO0407,SUMMER100DEAL,Flat,100,2024-03-24,2024-03-28,132,1000,False,Dehradun,Car,Priya Admin
PRO0408,WEEKEND150,Flat,150,2024-02-12,2024-03-11,64,200,True,All,Car,Arjun Sharma
PRO0409,FLAT5,Percentage,5,2024-01-17,2024-01-21,125,100,True,Mussoorie,Bike,Arjun Sharma
PRO0410,TREK30,Percentage,30,2024-01-24,2024-01-31,84,500,False,Lansdowne,Scooty,Priya Admin
PRO0411,GO50OFF,Flat,50,2024-03-28,2024-04-12,356,500,True,Dehradun,Scooty,Priya Admin
PRO0412,CAR50,Flat,50,2024-03-28,2024-03-31,306,1000,True,Rishikesh,Car,Priya Admin
PRO0413,BIKE15DEAL,Percentage,15,2024-03-26,2024-04-24,302,100,False,Dehradun,Bike,Priya Admin
PRO0414,MOUNTAIN100DEAL,Flat,100,2024-01-07,2024-01-13,113,500,False,Dehradun,Car,Priya Admin
PRO0415,WEEKEND250NOW,Flat,250,2024-01-29,2024-02-15,243,500,False,Rishikesh,All,Arjun Sharma
PRO0416,MOUNTAIN15,Percentage,15,2024-03-06,2024-03-14,37,500,False,All,Car,Priya Admin
PRO0417,FLAT5OFF,Percentage,5,2024-02-14,2024-02-28,83,100,True,All,Car,Priya Admin
PRO0418,BIKE50DEAL,Flat,50,2024-01-20,2024-02-04,408,500,True,All,Bike,Priya Admin
PRO0419,GO20,Percentage,20,2024-01-21,2024-01-28,144,500,True,All,Bike,Priya Admin
PRO0420,WEEKEND250,Flat,250,2024-03-15,2024-04-03,15,1000,True,Rishikesh,Bike,Priya Admin
PRO0421,FLAT150OFF,Flat,150,2024-01-26,2024-01-30,338,200,False,Rishikesh,Car,Arjun Sharma
PRO0422,HILL500,Flat,500,2024-01-30,2024-02-22,235,200,True,Rishikesh,Bike,Arjun Sharma
PRO0423,FLAT30,Percentage,30,2024-03-22,2024-04-21,93,500,True,Auli,Scooty,Arjun Sharma
PRO0424,SUMMER200,Flat,200,2024-03-12,2024-03-31,476,500,True,Mussoorie,Car,Arjun Sharma
PRO0425,SAVE500,Flat,500,2024-02-03,2024-02-11,387,1000,True,Haridwar,Car,Arjun Sharma
PRO0426,WEEKEND200,Flat,200,2024-01-14,2024-01-25,440,500,True,Lansdowne,Car,Arjun Sharma
PRO0427,BIKE300OFF,Flat,300,2024-02-21,2024-03-14,68,500,True,Haridwar,Scooty,Arjun Sharma
PRO0428,SAVE20,Percentage,20,2024-03-11,2024-03-30,157,1000,False,Haridwar,Bike,Arjun Sharma
PRO0429,SUMMER200DEAL,Flat,200,2024-03-23,2024-04-14,52,500,False,Lansdowne,Bike,Priya Admin
PRO0430,HILL20DEAL,Percentage,20,2024-02-18,2024-03-07,52,1000,True,Auli,Car,Priya Admin
PRO0431,FLAT500NOW,Flat,500,2024-02-26,2024-03-17,105,1000,True,Rishikesh,Scooty,Arjun Sharma
PRO0432,GO5DEAL,Percentage,5,2024-02-21,2024-03-20,300,500,False,Dehradun,All,Priya Admin
PRO0433,SAVE20NOW,Percentage,20,2024-03-07,2024-03-25,280,200,True,Haridwar,Car,Arjun Sharma
PRO0434,SUMMER15,Percentage,15,2024-01-12,2024-01-15,13,200,False,Lansdowne,Bike,Arjun Sharma
PRO0435,SUMMER250DEAL,Flat,250,2024-03-26,2024-04-22,39,100,True,Nainital,All,Arjun Sharma
PRO0436,SAVE500,Flat,500,2024-02-09,2024-02-26,47,500,False,Mussoorie,All,Priya Admin
PRO0437,MOUNTAIN10,Percentage,10,2024-03-05,2024-03-09,88,500,True,Haridwar,Bike,Priya Admin
PRO0438,WEEKEND300NOW,Flat,300,2024-01-02,2024-01-21,22,500,True,Mussoorie,Car,Priya Admin
PRO0439,TREK300DEAL,Flat,300,2024-01-25,2024-02-10,83,500,True,Haridwar,Scooty,Arjun Sharma
PRO0440,CAR20DEAL,Percentage,20,2024-03-20,2024-03-26,421,500,True,Rishikesh,Bike,Arjun Sharma
PRO0441,BIKE500NOW,Flat,500,2024-03-30,2024-04-07,76,200,False,Auli,All,Priya Admin
PRO0442,RIDE25OFF,Percentage,25,2024-02-22,2024-03-18,423,500,False,Rishikesh,Bike,Priya Admin
PRO0443,MOUNTAIN500,Flat,500,2024-01-06,2024-01-26,457,100,False,All,Car,Priya Admin
PRO0444,SAVE10,Percentage,10,2024-03-12,2024-03-24,477,200,True,Dehradun,Bike,Priya Admin
PRO0445,CAR250DEAL,Flat,250,2024-02-07,2024-02-13,413,1000,True,Rishikesh,Scooty,Priya Admin
PRO0446,CAR15,Percentage,15,2024-01-31,2024-02-18,85,1000,False,Dehradun,Scooty,Arjun Sharma
PRO0447,MOUNTAIN10,Percentage,10,2024-03-28,2024-04-16,490,100,True,Haridwar,Scooty,Arjun Sharma
PRO0448,GO300OFF,Flat,300,2024-03-02,2024-03-28,320,500,True,Haridwar,Bike,Arjun Sharma
PRO0449,SUMMER10OFF,Percentage,10,2024-01-24,2024-02-01,263,500,True,Haridwar,Bike,Priya Admin
PRO0450,RIDE10OFF,Percentage,10,2024-04-01,2024-04-08,253,200,True,Rishikesh,Car,Arjun Sharma
PRO0451,RIDE500,Flat,500,2024-01-08,2024-01-27,268,100,True,Mussoorie,Car,Arjun Sharma
PRO0452,MOUNTAIN10OFF,Percentage,10,2024-03-28,2024-04-06,257,500,True,All,Scooty,Arjun Sharma
PRO0453,TREK50,Flat,50,2024-01-06,2024-01-25,392,500,True,Dehradun,All,Arjun Sharma
PRO0454,TREK20OFF,Percentage,20,2024-03-29,2024-04-11,41,500,True,Rishikesh,Car,Priya Admin
PRO0455,WEEKEND100,Flat,100,2024-01-20,2024-02-07,447,500,False,All,Scooty,Priya Admin
PRO0456,FLAT100,Flat,100,2024-01-23,2024-02-16,349,1000,True,Dehradun,Car,Priya Admin
PRO0457,HILL25DEAL,Percentage,25,2024-01-28,2024-02-25,433,200,True,Dehradun,All,Priya Admin
PRO0458,WEEKEND30NOW,Percentage,30,2024-03-11,2024-03-21,249,200,False,Nainital,Scooty,Priya Admin
PRO0459,GO250NOW,Flat,250,2024-02-15,2024-03-07,463,1000,False,Nainital,Car,Priya Admin
PRO0460,RIDE10,Percentage,10,2024-01-30,2024-02-12,108,1000,False,Mussoorie,All,Arjun Sharma
PRO0461,CAR25,Percentage,25,2024-03-16,2024-03-28,167,1000,True,Rishikesh,Scooty,Priya Admin
PRO0462,TREK25,Percentage,25,2024-01-22,2024-02-08,61,200,False,All,Scooty,Priya Admin
PRO0463,BIKE15,Percentage,15,2024-03-10,2024-03-14,180,200,True,Haridwar,Scooty,Priya Admin
PRO0464,RIDE50NOW,Flat,50,2024-02-27,2024-03-23,77,100,True,All,All,Arjun Sharma
PRO0465,FLAT20DEAL,Percentage,20,2024-02-11,2024-03-05,355,1000,True,All,Scooty,Arjun Sharma
PRO0466,HILL50DEAL,Flat,50,2024-01-06,2024-01-22,443,500,True,Mussoorie,All,Priya Admin
PRO0467,CAR30NOW,Percentage,30,2024-02-21,2024-03-10,265,500,True,Dehradun,Bike,Priya Admin
PRO0468,TREK10,Percentage,10,2024-03-27,2024-04-20,500,100,True,Dehradun,All,Priya Admin
PRO0469,CAR15,Percentage,15,2024-03-31,2024-04-13,414,200,True,Dehradun,Bike,Arjun Sharma
PRO0470,SUMMER15OFF,Percentage,15,2024-02-04,2024-02-13,225,200,True,All,Car,Arjun Sharma
PRO0471,TREK250,Flat,250,2024-03-06,2024-03-29,55,500,True,Haridwar,Scooty,Arjun Sharma
PRO0472,BIKE30OFF,Percentage,30,2024-01-23,2024-02-15,447,1000,True,Haridwar,Bike,Arjun Sharma
PRO0473,CAR100,Flat,100,2024-03-14,2024-03-20,214,200,True,All,Scooty,Priya Admin
PRO0474,SUMMER5NOW,Percentage,5,2024-01-29,2024-02-18,296,100,False,Nainital,Scooty,Priya Admin
PRO0475,TREK20,Percentage,20,2024-03-24,2024-04-08,485,500,False,All,Car,Priya Admin
PRO0476,GO250DEAL,Flat,250,2024-01-09,2024-01-15,41,100,True,Rishikesh,Bike,Priya Admin
PRO0477,RIDE15,Percentage,15,2024-02-12,2024-02-29,377,100,False,Nainital,Scooty,Arjun Sharma
PRO0478,RIDE250,Flat,250,2024-02-08,2024-02-16,67,200,True,Mussoorie,Bike,Priya Admin
PRO0479,FLAT100OFF,Flat,100,2024-01-15,2024-02-08,249,200,True,All,Car,Arjun Sharma
PRO0480,RIDE50,Flat,50,2024-02-19,2024-03-05,81,1000,True,Nainital,Scooty,Arjun Sharma
PRO0481,CAR200,Flat,200,2024-02-29,2024-03-06,260,500,True,Rishikesh,Car,Priya Admin
PRO0482,WEEKEND300,Flat,300,2024-02-26,2024-03-09,195,500,True,Haridwar,Scooty,Priya Admin
PRO0483,SPEED20OFF,Percentage,20,2024-03-29,2024-04-10,314,200,True,Nainital,Scooty,Arjun Sharma
PRO0484,RIDE500,Flat,500,2024-01-03,2024-01-16,1,500,False,Dehradun,All,Arjun Sharma
PRO0485,GO20OFF,Percentage,20,2024-03-30,2024-04-17,498,100,False,Mussoorie,Bike,Priya Admin
PRO0486,SUMMER20,Percentage,20,2024-03-22,2024-04-02,276,1000,False,Dehradun,Bike,Arjun Sharma
PRO0487,BIKE50OFF,Flat,50,2024-03-06,2024-03-11,118,500,False,Dehradun,Car,Priya Admin
PRO0488,FLAT150DEAL,Flat,150,2024-03-25,2024-04-19,393,500,False,All,Scooty,Priya Admin
PRO0489,HILL15NOW,Percentage,15,2024-02-06,2024-03-05,472,100,True,Dehradun,Scooty,Priya Admin
PRO0490,SAVE250OFF,Flat,250,2024-03-14,2024-04-09,444,100,False,Rishikesh,Bike,Priya Admin
PRO0491,MOUNTAIN250OFF,Flat,250,2024-03-09,2024-04-08,231,1000,True,Mussoorie,Car,Arjun Sharma
PRO0492,HILL25,Percentage,25,2024-03-04,2024-03-23,14,500,True,Mussoorie,All,Arjun Sharma
PRO0493,FLAT10,Percentage,10,2024-02-21,2024-03-01,57,500,True,Dehradun,Bike,Priya Admin
PRO0494,TREK10,Percentage,10,2024-03-31,2024-04-13,311,200,True,Rishikesh,Car,Priya Admin
PRO0495,GO20OFF,Percentage,20,2024-03-27,2024-04-04,452,500,True,Nainital,All,Arjun Sharma
PRO0496,WEEKEND300DEAL,Flat,300,2024-01-17,2024-01-21,125,200,True,All,Bike,Arjun Sharma
PRO0497,SPEED15NOW,Percentage,15,2024-03-02,2024-03-24,220,1000,True,Dehradun,All,Priya Admin
PRO0498,BIKE25,Percentage,25,2024-02-04,2024-02-08,110,1000,True,Dehradun,Scooty,Priya Admin
PRO0499,TREK15,Percentage,15,2024-03-24,2024-03-30,376,1000,True,Haridwar,All,Priya Admin
PRO0500,WEEKEND50,Flat,50,2024-03-20,2024-03-27,369,500,False,Nainital,Car,Arjun Sharma
PRO0501,WEEKEND50DEAL,Flat,50,2024-03-13,2024-03-24,479,1000,True,Nainital,Car,Arjun Sharma
PRO0502,HILL50DEAL,Flat,50,2024-01-13,2024-01-17,442,200,True,Haridwar,Scooty,Arjun Sharma
PRO0503,TREK15DEAL,Percentage,15,2024-03-01,2024-03-29,24,200,False,Rishikesh,Bike,Arjun Sharma
PRO0504,FLAT10DEAL,Percentage,10,2024-03-01,2024-03-09,450,500,False,Mussoorie,Car,Priya Admin
PRO0505,HILL10,Percentage,10,2024-03-28,2024-03-31,162,500,True,Rishikesh,Scooty,Priya Admin
PRO0506,SPEED100NOW,Flat,100,2024-01-31,2024-02-22,341,1000,True,Mussoorie,Scooty,Priya Admin
PRO0507,WEEKEND20NOW,Percentage,20,2024-01-26,2024-02-15,218,200,True,Mussoorie,Car,Arjun Sharma
PRO0508,TREK20OFF,Percentage,20,2024-01-27,2024-02-13,86,500,False,Dehradun,Scooty,Priya Admin
PRO0509,SAVE10DEAL,Percentage,10,2024-02-21,2024-02-26,155,500,True,Nainital,All,Priya Admin
PRO0510,FLAT150,Flat,150,2024-01-03,2024-01-27,143,500,True,All,Car,Arjun Sharma
PRO0511,FLAT25NOW,Percentage,25,2024-01-29,2024-02-27,17,200,True,Mussoorie,Car,Arjun Sharma
PRO0512,SAVE30,Percentage,30,2024-03-03,2024-03-30,324,1000,True,Haridwar,All,Priya Admin
PRO0513,WEEKEND200DEAL,Flat,200,2024-01-05,2024-01-23,117,500,False,Dehradun,Car,Arjun Sharma
PRO0514,SUMMER20,Percentage,20,2024-01-21,2024-02-06,277,500,True,Dehradun,All,Priya Admin
PRO0515,SUMMER300OFF,Flat,300,2024-03-16,2024-03-31,215,500,True,Mussoorie,Scooty,Priya Admin
PRO0516,HILL250,Flat,250,2024-02-10,2024-02-19,307,1000,False,All,All,Priya Admin
PRO0517,BIKE250NOW,Flat,250,2024-03-22,2024-03-26,168,100,True,Mussoorie,Scooty,Priya Admin
PRO0518,MOUNTAIN300,Flat,300,2024-03-01,2024-03-10,243,1000,False,Nainital,Car,Priya Admin
PRO0519,HILL150,Flat,150,2024-03-02,2024-03-26,203,100,True,Haridwar,Car,Priya Admin
PRO0520,FLAT15NOW,Percentage,15,2024-03-10,2024-04-07,145,200,False,All,Car,Priya Admin
PRO0521,FLAT5OFF,Percentage,5,2024-02-11,2024-02-27,242,1000,True,Dehradun,Car,Priya Admin
PRO0522,BIKE20,Percentage,20,2024-02-21,2024-03-19,275,100,True,Chakrata,Bike,Priya Admin
PRO0523,FLAT5DEAL,Percentage,5,2024-01-06,2024-01-26,203,200,False,Rishikesh,Car,Priya Admin
PRO0524,CAR20DEAL,Percentage,20,2024-03-28,2024-04-12,288,200,False,Dehradun,Car,Priya Admin
PRO0525,TREK25OFF,Percentage,25,2024-03-07,2024-03-16,116,100,True,Dehradun,Bike,Priya Admin
PRO0526,CAR250OFF,Flat,250,2024-02-11,2024-03-03,256,200,False,All,Scooty,Priya Admin
PRO0527,HILL150,Flat,150,2024-01-27,2024-02-07,229,100,True,Dehradun,Bike,Arjun Sharma
PRO0528,MOUNTAIN5NOW,Percentage,5,2024-01-03,2024-01-12,204,1000,False,Mussoorie,All,Priya Admin
PRO0529,TREK150,Flat,150,2024-03-29,2024-04-20,457,100,True,All,Scooty,Priya Admin
PRO0530,TREK150,Flat,150,2024-01-01,2024-01-08,390,500,False,Dehradun,All,Arjun Sharma
PRO0531,FLAT10OFF,Percentage,10,2024-03-14,2024-03-20,188,200,True,All,Bike,Priya Admin
PRO0532,SPEED25NOW,Percentage,25,2024-02-29,2024-03-30,464,100,True,Rishikesh,Bike,Arjun Sharma
PRO0533,HILL5,Percentage,5,2024-03-26,2024-03-30,59,1000,True,All,Car,Priya Admin
PRO0534,SAVE50,Flat,50,2024-03-10,2024-03-20,466,1000,True,Dehradun,Car,Arjun Sharma
PRO0535,MOUNTAIN250OFF,Flat,250,2024-01-26,2024-02-01,113,100,False,All,Bike,Priya Admin
PRO0536,HILL200DEAL,Flat,200,2024-01-23,2024-01-29,36,100,False,All,Bike,Priya Admin
PRO0537,SPEED50DEAL,Flat,50,2024-02-08,2024-02-14,287,1000,False,Mussoorie,Bike,Arjun Sharma
PRO0538,MOUNTAIN300NOW,Flat,300,2024-01-25,2024-02-17,270,1000,True,Lansdowne,Car,Priya Admin
PRO0539,CAR15,Percentage,15,2024-02-16,2024-03-01,34,200,True,Mussoorie,All,Priya Admin
PRO0540,FLAT100,Flat,100,2024-02-11,2024-02-20,187,200,False,Dehradun,Scooty,Priya Admin
PRO0541,FLAT250,Flat,250,2024-03-03,2024-03-07,440,500,False,Rishikesh,All,Priya Admin
PRO0542,MOUNTAIN100,Flat,100,2024-01-10,2024-01-13,327,200,True,Haridwar,All,Priya Admin
PRO0543,WEEKEND10DEAL,Percentage,10,2024-03-22,2024-04-07,482,200,True,All,All,Arjun Sharma
PRO0544,HILL15,Percentage,15,2024-02-22,2024-03-13,241,500,True,Dehradun,All,Priya Admin
PRO0545,FLAT150DEAL,Flat,150,2024-02-08,2024-02-16,362,1000,False,Mussoorie,Bike,Arjun Sharma
PRO0546,CAR25DEAL,Percentage,25,2024-01-08,2024-02-03,413,500,True,Dehradun,All,Arjun Sharma
PRO0547,RIDE500,Flat,500,2024-02-18,2024-03-07,374,200,True,Haridwar,Scooty,Arjun Sharma
PRO0548,CAR50,Flat,50,2024-02-18,2024-02-29,330,1000,True,Dehradun,Bike,Priya Admin
PRO0549,MOUNTAIN20,Percentage,20,2024-02-16,2024-03-10,155,1000,True,Dehradun,Bike,Arjun Sharma
PRO0550,RIDE200OFF,Flat,200,2024-01-17,2024-02-03,185,500,True,Dehradun,Car,Arjun Sharma
PRO0551,SPEED10OFF,Percentage,10,2024-03-30,2024-04-28,443,200,True,Rishikesh,Bike,Priya Admin
PRO0552,CAR20OFF,Percentage,20,2024-01-31,2024-02-26,458,200,False,Dehradun,Scooty,Priya Admin
PRO0553,WEEKEND200OFF,Flat,200,2024-02-16,2024-03-14,271,100,False,All,Car,Arjun Sharma
PRO0554,RIDE300,Flat,300,2024-01-22,2024-01-26,253,100,False,Lansdowne,All,Arjun Sharma
PRO0555,RIDE500,Flat,500,2024-02-04,2024-02-13,186,100,True,Dehradun,Bike,Priya Admin
PRO0556,SPEED30,Percentage,30,2024-03-15,2024-04-13,28,500,False,All,Scooty,Priya Admin
PRO0557,CAR150DEAL,Flat,150,2024-02-11,2024-03-01,79,200,True,All,Scooty,Priya Admin
PRO0558,TREK200NOW,Flat,200,2024-02-12,2024-02-26,430,500,True,Dehradun,Bike,Priya Admin
PRO0559,BIKE150OFF,Flat,150,2024-01-03,2024-01-08,74,500,True,Rishikesh,Scooty,Priya Admin
PRO0560,MOUNTAIN100,Flat,100,2024-01-24,2024-02-20,217,1000,True,All,Car,Arjun Sharma
PRO0561,BIKE25,Percentage,25,2024-01-14,2024-01-25,230,100,False,Dehradun,All,Arjun Sharma
PRO0562,BIKE200OFF,Flat,200,2024-03-04,2024-03-21,61,200,True,Rishikesh,Bike,Priya Admin
PRO0563,RIDE20,Percentage,20,2024-01-19,2024-02-15,470,1000,True,Rishikesh,Bike,Priya Admin
PRO0564,HILL30NOW,Percentage,30,2024-02-08,2024-02-26,111,100,False,Nainital,Scooty,Priya Admin
PRO0565,SPEED250DEAL,Flat,250,2024-01-19,2024-02-05,153,1000,False,All,All,Priya Admin
PRO0566,CAR100OFF,Flat,100,2024-03-22,2024-03-25,364,1000,False,All,All,Priya Admin
PRO0567,GO300OFF,Flat,300,2024-01-17,2024-02-07,209,500,True,Dehradun,All,Priya Admin
PRO0568,SUMMER50,Flat,50,2024-02-10,2024-02-25,476,500,False,Rishikesh,All,Arjun Sharma
PRO0569,GO150,Flat,150,2024-03-17,2024-04-09,287,500,True,Nainital,Scooty,Arjun Sharma
PRO0570,BIKE15,Percentage,15,2024-03-12,2024-03-31,32,1000,True,Mussoorie,Bike,Priya Admin
PRO0571,GO5OFF,Percentage,5,2024-01-24,2024-02-09,328,100,True,Rishikesh,Car,Arjun Sharma
PRO0572,CAR20,Percentage,20,2024-01-07,2024-01-21,398,100,True,Auli,Scooty,Priya Admin
PRO0573,FLAT15OFF,Percentage,15,2024-02-04,2024-02-14,437,1000,False,Auli,All,Priya Admin
PRO0574,WEEKEND50OFF,Flat,50,2024-03-15,2024-04-10,341,200,True,Haridwar,All,Priya Admin
PRO0575,FLAT10,Percentage,10,2024-02-13,2024-03-01,425,200,True,Dehradun,All,Arjun Sharma
PRO0576,CAR250,Flat,250,2024-03-19,2024-04-09,166,1000,False,All,Bike,Arjun Sharma
PRO0577,WEEKEND100DEAL,Flat,100,2024-01-11,2024-02-06,430,1000,True,Lansdowne,All,Priya Admin
PRO0578,SUMMER500,Flat,500,2024-01-03,2024-01-26,275,1000,True,All,Car,Arjun Sharma
PRO0579,BIKE150OFF,Flat,150,2024-02-07,2024-02-21,55,500,True,All,Bike,Priya Admin
PRO0580,BIKE200NOW,Flat,200,2024-01-01,2024-01-22,98,500,False,Dehradun,All,Priya Admin
PRO0581,SPEED300DEAL,Flat,300,2024-01-01,2024-01-18,384,1000,True,Mussoorie,Scooty,Arjun Sharma
PRO0582,TREK100,Flat,100,2024-02-22,2024-03-13,97,100,True,Rishikesh,Bike,Priya Admin
PRO0583,WEEKEND20NOW,Percentage,20,2024-01-18,2024-02-14,391,500,False,Nainital,Car,Priya Admin
PRO0584,MOUNTAIN250OFF,Flat,250,2024-02-08,2024-02-12,82,1000,False,All,All,Arjun Sharma
PRO0585,SPEED25NOW,Percentage,25,2024-01-07,2024-01-23,64,500,True,Mussoorie,Car,Priya Admin
PRO0586,BIKE150,Flat,150,2024-01-16,2024-02-10,207,1000,True,Haridwar,All,Arjun Sharma
PRO0587,TREK5DEAL,Percentage,5,2024-02-23,2024-03-03,151,200,False,Mussoorie,All,Priya Admin
PRO0588,FLAT15DEAL,Percentage,15,2024-02-26,2024-03-23,94,200,True,Dehradun,Bike,Priya Admin
PRO0589,SPEED100,Flat,100,2024-02-09,2024-02-28,316,500,False,Haridwar,Bike,Arjun Sharma
PRO0590,WEEKEND15OFF,Percentage,15,2024-01-29,2024-02-11,490,200,True,Rishikesh,Scooty,Arjun Sharma
PRO0591,HILL10,Percentage,10,2024-03-07,2024-03-18,112,1000,False,Rishikesh,Scooty,Priya Admin
PRO0592,SUMMER100OFF,Flat,100,2024-01-21,2024-01-29,370,100,True,Rishikesh,Bike,Arjun Sharma
PRO0593,RIDE100,Flat,100,2024-01-07,2024-01-16,245,200,True,Rishikesh,Bike,Priya Admin
PRO0594,FLAT5NOW,Percentage,5,2024-01-17,2024-01-23,122,500,True,Rishikesh,Car,Arjun Sharma
PRO0595,SPEED500,Flat,500,2024-02-13,2024-03-03,471,500,True,Mussoorie,Scooty,Priya Admin
PRO0596,SAVE10DEAL,Percentage,10,2024-03-31,2024-04-23,410,500,False,Dehradun,Bike,Priya Admin
PRO0597,FLAT200,Flat,200,2024-01-25,2024-02-12,159,200,True,Dehradun,Scooty,Arjun Sharma
PRO0598,RIDE200DEAL,Flat,200,2024-02-21,2024-03-02,94,500,False,Mussoorie,All,Priya Admin
PRO0599,GO300OFF,Flat,300,2024-01-15,2024-01-30,151,500,False,Rishikesh,Car,Priya Admin
PRO0600,SAVE5,Percentage,5,2024-03-27,2024-04-20,483,1000,True,Rishikesh,Scooty,Priya Admin
PRO0601,HILL50DEAL,Flat,50,2024-01-24,2024-02-09,499,500,False,Rishikesh,Bike,Priya Admin
PRO0602,SAVE10DEAL,Percentage,10,2024-03-06,2024-03-16,211,200,False,Dehradun,Car,Priya Admin
PRO0603,FLAT500,Flat,500,2024-02-12,2024-02-18,78,200,False,All,All,Priya Admin
PRO0604,BIKE200NOW,Flat,200,2024-01-05,2024-01-18,229,1000,False,Chakrata,Scooty,Arjun Sharma
PRO0605,CAR15OFF,Percentage,15,2024-03-13,2024-04-02,117,500,True,Rishikesh,Scooty,Priya Admin
PRO0606,FLAT25OFF,Percentage,25,2024-03-16,2024-03-23,434,500,True,Rishikesh,Bike,Priya Admin
PRO0607,CAR15OFF,Percentage,15,2024-03-22,2024-04-14,313,100,True,Dehradun,All,Priya Admin
PRO0608,SAVE200NOW,Flat,200,2024-03-29,2024-04-09,268,1000,False,All,Bike,Arjun Sharma
PRO0609,SUMMER20,Percentage,20,2024-01-09,2024-01-29,206,500,True,All,Bike,Priya Admin
PRO0610,TREK300NOW,Flat,300,2024-01-11,2024-01-30,351,100,False,Rishikesh,Scooty,Priya Admin
PRO0611,BIKE15,Percentage,15,2024-02-04,2024-02-09,298,500,True,Nainital,Car,Arjun Sharma
PRO0612,SPEED20,Percentage,20,2024-02-06,2024-02-14,159,200,True,Rishikesh,All,Priya Admin
PRO0613,MOUNTAIN50,Flat,50,2024-01-22,2024-02-20,348,500,False,All,Bike,Priya Admin
PRO0614,TREK25OFF,Percentage,25,2024-01-15,2024-01-19,176,1000,False,Dehradun,All,Arjun Sharma
PRO0615,BIKE5OFF,Percentage,5,2024-02-09,2024-03-03,130,1000,True,Nainital,Bike,Priya Admin
PRO0616,BIKE300NOW,Flat,300,2024-03-24,2024-04-14,461,200,True,All,All,Priya Admin
PRO0617,GO25NOW,Percentage,25,2024-01-10,2024-01-13,223,1000,False,Rishikesh,Bike,Priya Admin
PRO0618,FLAT250DEAL,Flat,250,2024-01-03,2024-01-12,343,100,False,Rishikesh,Bike,Arjun Sharma
PRO0619,GO15DEAL,Percentage,15,2024-03-13,2024-04-12,413,500,True,Mussoorie,All,Priya Admin
PRO0620,SAVE500,Flat,500,2024-03-07,2024-04-01,89,100,True,Rishikesh,Scooty,Arjun Sharma
PRO0621,HILL250,Flat,250,2024-03-23,2024-04-01,361,1000,True,Dehradun,Car,Arjun Sharma
PRO0622,RIDE150NOW,Flat,150,2024-04-01,2024-04-29,45,100,True,All,Scooty,Arjun Sharma
PRO0623,SPEED200OFF,Flat,200,2024-01-14,2024-02-13,428,500,True,Mussoorie,Car,Priya Admin
PRO0624,SPEED50DEAL,Flat,50,2024-01-07,2024-01-28,210,100,True,Mussoorie,Car,Arjun Sharma
PRO0625,SPEED200NOW,Flat,200,2024-01-06,2024-01-12,257,500,True,Nainital,Scooty,Priya Admin
PRO0626,BIKE100NOW,Flat,100,2024-01-18,2024-01-30,392,500,False,Haridwar,All,Arjun Sharma
PRO0627,BIKE50OFF,Flat,50,2024-03-19,2024-04-09,64,1000,False,Dehradun,Scooty,Arjun Sharma
PRO0628,SAVE300OFF,Flat,300,2024-02-26,2024-03-20,444,200,False,Mussoorie,Scooty,Arjun Sharma
PRO0629,SUMMER20,Percentage,20,2024-01-11,2024-01-28,221,500,True,Mussoorie,Scooty,Priya Admin
PRO0630,MOUNTAIN500,Flat,500,2024-01-15,2024-02-09,128,1000,True,Rishikesh,Car,Priya Admin
PRO0631,TREK100OFF,Flat,100,2024-03-29,2024-04-13,200,200,False,Mussoorie,All,Arjun Sharma
PRO0632,RIDE30,Percentage,30,2024-01-18,2024-01-26,463,500,False,Dehradun,All,Arjun Sharma
PRO0633,MOUNTAIN250,Flat,250,2024-03-14,2024-04-03,154,500,True,All,Bike,Priya Admin
PRO0634,RIDE5DEAL,Percentage,5,2024-01-23,2024-02-02,395,1000,False,Mussoorie,Bike,Priya Admin
PRO0635,WEEKEND300,Flat,300,2024-02-14,2024-03-07,91,500,True,Chakrata,Bike,Arjun Sharma
PRO0636,HILL5,Percentage,5,2024-01-30,2024-02-08,381,500,True,Mussoorie,Car,Arjun Sharma
PRO0637,SAVE50,Flat,50,2024-03-01,2024-03-26,326,100,False,Dehradun,Bike,Arjun Sharma
PRO0638,SPEED10DEAL,Percentage,10,2024-02-22,2024-03-14,319,200,True,Dehradun,Scooty,Arjun Sharma
PRO0639,TREK10,Percentage,10,2024-03-11,2024-03-14,365,200,False,Mussoorie,Bike,Priya Admin
PRO0640,SPEED300,Flat,300,2024-01-26,2024-02-20,153,100,True,Haridwar,All,Priya Admin
PRO0641,TREK200DEAL,Flat,200,2024-01-12,2024-02-05,274,100,True,Haridwar,All,Priya Admin
PRO0642,BIKE300OFF,Flat,300,2024-01-20,2024-02-17,84,200,True,Haridwar,Car,Arjun Sharma
PRO0643,WEEKEND5,Percentage,5,2024-01-09,2024-02-06,306,500,False,All,Scooty,Arjun Sharma
PRO0644,CAR10NOW,Percentage,10,2024-01-19,2024-02-11,153,1000,True,Lansdowne,All,Priya Admin
PRO0645,GO50OFF,Flat,50,2024-01-01,2024-01-20,157,500,True,Rishikesh,Scooty,Priya Admin
PRO0646,SAVE15,Percentage,15,2024-03-17,2024-04-13,413,1000,True,Mussoorie,Scooty,Priya Admin
PRO0647,MOUNTAIN10,Percentage,10,2024-01-28,2024-02-18,343,200,True,Mussoorie,Car,Priya Admin
PRO0648,SAVE25OFF,Percentage,25,2024-01-12,2024-01-15,378,500,True,Mussoorie,Bike,Arjun Sharma
PRO0649,TREK50OFF,Flat,50,2024-01-04,2024-01-28,435,500,True,Dehradun,Scooty,Arjun Sharma
PRO0650,MOUNTAIN5NOW,Percentage,5,2024-02-18,2024-03-16,429,500,True,All,Scooty,Priya Admin
PRO0651,BIKE500NOW,Flat,500,2024-03-27,2024-04-16,44,1000,False,Haridwar,Scooty,Arjun Sharma
PRO0652,MOUNTAIN100,Flat,100,2024-01-03,2024-01-15,252,500,False,Mussoorie,All,Arjun Sharma
PRO0653,WEEKEND30,Percentage,30,2024-02-09,2024-02-14,269,200,True,Mussoorie,Bike,Arjun Sharma
PRO0654,SUMMER20NOW,Percentage,20,2024-02-14,2024-02-20,211,500,True,All,All,Priya Admin
PRO0655,WEEKEND25DEAL,Percentage,25,2024-03-06,2024-03-09,311,1000,False,Chakrata,Car,Priya Admin
PRO0656,SAVE15,Percentage,15,2024-01-06,2024-01-25,379,500,False,Dehradun,All,Priya Admin
PRO0657,RIDE5,Percentage,5,2024-02-06,2024-02-24,455,500,False,Mussoorie,Scooty,Priya Admin
PRO0658,MOUNTAIN20,Percentage,20,2024-01-29,2024-02-06,446,500,True,Dehradun,Bike,Priya Admin
PRO0659,WEEKEND10OFF,Percentage,10,2024-03-28,2024-04-02,245,1000,True,Dehradun,Bike,Priya Admin
PRO0660,WEEKEND10NOW,Percentage,10,2024-02-12,2024-03-11,89,1000,True,Dehradun,Car,Priya Admin
PRO0661,MOUNTAIN25,Percentage,25,2024-03-08,2024-03-17,201,100,True,Rishikesh,Car,Arjun Sharma
PRO0662,TREK500DEAL,Flat,500,2024-02-05,2024-02-15,299,100,False,Haridwar,Bike,Priya Admin
PRO0663,TREK300DEAL,Flat,300,2024-02-10,2024-02-27,333,1000,True,Nainital,Bike,Arjun Sharma
PRO0664,WEEKEND15DEAL,Percentage,15,2024-01-03,2024-01-12,280,100,True,Rishikesh,Car,Arjun Sharma
PRO0665,BIKE50OFF,Flat,50,2024-02-25,2024-03-03,184,500,False,Nainital,Car,Arjun Sharma
PRO0666,RIDE500OFF,Flat,500,2024-01-31,2024-02-17,109,100,True,All,Bike,Priya Admin
PRO0667,GO150DEAL,Flat,150,2024-02-21,2024-03-19,444,100,False,All,All,Arjun Sharma
PRO0668,SAVE100NOW,Flat,100,2024-03-10,2024-04-04,488,500,False,Dehradun,Car,Arjun Sharma
PRO0669,FLAT10,Percentage,10,2024-02-05,2024-02-20,279,200,False,All,All,Priya Admin
PRO0670,WEEKEND50,Flat,50,2024-03-21,2024-03-29,373,500,True,Rishikesh,Bike,Priya Admin
PRO0671,HILL5,Percentage,5,2024-02-27,2024-03-27,410,1000,True,Dehradun,All,Arjun Sharma
PRO0672,BIKE20,Percentage,20,2024-01-31,2024-02-12,220,200,True,Rishikesh,Bike,Arjun Sharma
PRO0673,SUMMER500NOW,Flat,500,2024-02-11,2024-02-20,167,200,False,All,Scooty,Arjun Sharma
PRO0674,WEEKEND30,Percentage,30,2024-01-21,2024-02-01,16,200,True,Dehradun,Car,Arjun Sharma
PRO0675,WEEKEND15OFF,Percentage,15,2024-01-05,2024-01-28,74,500,True,Nainital,All,Priya Admin
PRO0676,GO300DEAL,Flat,300,2024-03-03,2024-03-28,445,200,False,Rishikesh,All,Arjun Sharma
PRO0677,CAR150DEAL,Flat,150,2024-01-24,2024-01-30,299,200,False,Nainital,Car,Arjun Sharma
PRO0678,SAVE300DEAL,Flat,300,2024-01-30,2024-02-24,251,1000,True,All,Scooty,Priya Admin
PRO0679,MOUNTAIN25,Percentage,25,2024-03-26,2024-04-25,177,500,False,All,Car,Priya Admin
PRO0680,TREK15OFF,Percentage,15,2024-02-15,2024-03-16,377,200,True,Dehradun,Car,Arjun Sharma
PRO0681,MOUNTAIN250NOW,Flat,250,2024-03-12,2024-03-31,264,1000,True,Dehradun,Scooty,Arjun Sharma
PRO0682,MOUNTAIN15,Percentage,15,2024-03-21,2024-03-24,10,200,False,Dehradun,All,Arjun Sharma
PRO0683,SUMMER25DEAL,Percentage,25,2024-01-12,2024-01-17,6,1000,True,All,Scooty,Priya Admin
PRO0684,SAVE5,Percentage,5,2024-02-23,2024-03-03,156,500,True,Dehradun,Bike,Priya Admin
PRO0685,FLAT500DEAL,Flat,500,2024-03-22,2024-04-09,10,500,True,Dehradun,Bike,Arjun Sharma
PRO0686,CAR50,Flat,50,2024-01-30,2024-02-16,297,500,False,Mussoorie,All,Priya Admin
PRO0687,SAVE10NOW,Percentage,10,2024-03-03,2024-03-09,114,500,True,Dehradun,Car,Priya Admin
PRO0688,GO100NOW,Flat,100,2024-03-21,2024-04-15,90,100,True,All,Bike,Arjun Sharma
PRO0689,SAVE10,Percentage,10,2024-03-02,2024-03-06,133,200,False,Dehradun,Car,Arjun Sharma
PRO0690,GO20DEAL,Percentage,20,2024-02-15,2024-02-28,315,200,True,Mussoorie,All,Arjun Sharma
PRO0691,WEEKEND30,Percentage,30,2024-02-01,2024-02-07,50,500,True,Rishikesh,All,Priya Admin
PRO0692,GO15,Percentage,15,2024-01-31,2024-02-24,363,200,True,Mussoorie,Car,Arjun Sharma
PRO0693,SUMMER300,Flat,300,2024-02-05,2024-02-23,444,100,False,Chakrata,Bike,Priya Admin
PRO0694,TREK20DEAL,Percentage,20,2024-01-20,2024-01-25,496,1000,True,Dehradun,Car,Priya Admin
PRO0695,WEEKEND30OFF,Percentage,30,2024-02-01,2024-02-19,441,500,True,Nainital,Scooty,Arjun Sharma
PRO0696,SAVE300,Flat,300,2024-03-11,2024-03-17,437,500,True,Rishikesh,All,Arjun Sharma
PRO0697,MOUNTAIN150OFF,Flat,150,2024-03-13,2024-03-20,316,1000,True,Dehradun,Car,Arjun Sharma
PRO0698,GO50OFF,Flat,50,2024-03-16,2024-03-19,392,1000,True,Haridwar,Car,Priya Admin
PRO0699,BIKE150OFF,Flat,150,2024-03-15,2024-04-07,190,100,True,All,Bike,Priya Admin
PRO0700,RIDE20DEAL,Percentage,20,2024-02-06,2024-03-07,386,200,True,Dehradun,Car,Priya Admin
PRO0701,CAR5,Percentage,5,2024-03-04,2024-03-08,311,500,True,Lansdowne,Car,Arjun Sharma
PRO0702,SUMMER100,Flat,100,2024-01-20,2024-01-30,90,1000,True,Rishikesh,Scooty,Priya Admin
PRO0703,BIKE150OFF,Flat,150,2024-03-28,2024-04-09,202,1000,True,Rishikesh,Bike,Arjun Sharma
PRO0704,SAVE50,Flat,50,2024-03-07,2024-03-17,85,500,True,Lansdowne,All,Arjun Sharma
PRO0705,TREK15NOW,Percentage,15,2024-03-19,2024-04-13,143,1000,False,Mussoorie,Bike,Priya Admin
PRO0706,FLAT25NOW,Percentage,25,2024-03-31,2024-04-28,83,100,False,Rishikesh,Scooty,Arjun Sharma
PRO0707,GO200,Flat,200,2024-01-11,2024-01-30,423,200,False,Nainital,All,Arjun Sharma
PRO0708,SUMMER20NOW,Percentage,20,2024-01-09,2024-01-30,198,1000,True,Auli,All,Priya Admin
PRO0709,SUMMER150DEAL,Flat,150,2024-03-16,2024-03-27,135,1000,True,Dehradun,Car,Priya Admin
PRO0710,SPEED10,Percentage,10,2024-02-26,2024-03-23,401,1000,True,Haridwar,Bike,Priya Admin
PRO0711,BIKE100NOW,Flat,100,2024-02-04,2024-02-14,337,100,False,Dehradun,All,Priya Admin
PRO0712,CAR10,Percentage,10,2024-03-31,2024-04-09,297,100,True,Mussoorie,Bike,Priya Admin
PRO0713,SUMMER100,Flat,100,2024-03-20,2024-03-28,257,1000,True,Nainital,Scooty,Arjun Sharma
PRO0714,HILL300NOW,Flat,300,2024-03-14,2024-04-02,112,500,False,Dehradun,All,Priya Admin
PRO0715,SPEED100,Flat,100,2024-02-08,2024-02-20,175,100,True,Rishikesh,Car,Priya Admin
PRO0716,CAR25NOW,Percentage,25,2024-01-30,2024-02-29,397,100,True,Rishikesh,Bike,Arjun Sharma
PRO0717,SPEED250,Flat,250,2024-01-17,2024-02-07,451,1000,True,Lansdowne,Scooty,Priya Admin
PRO0718,BIKE500NOW,Flat,500,2024-02-24,2024-03-05,197,200,False,Dehradun,Bike,Priya Admin
PRO0719,FLAT5,Percentage,5,2024-02-27,2024-03-12,131,100,False,Rishikesh,Bike,Arjun Sharma
PRO0720,FLAT5OFF,Percentage,5,2024-01-09,2024-01-26,406,500,True,Dehradun,Scooty,Arjun Sharma
PRO0721,CAR200,Flat,200,2024-03-23,2024-04-13,371,500,False,Dehradun,Bike,Priya Admin
PRO0722,SPEED300DEAL,Flat,300,2024-01-09,2024-01-25,20,200,True,Dehradun,All,Arjun Sharma
PRO0723,SAVE10NOW,Percentage,10,2024-03-27,2024-04-08,221,100,False,Rishikesh,All,Priya Admin
PRO0724,SPEED250OFF,Flat,250,2024-02-25,2024-03-11,434,1000,True,Mussoorie,All,Priya Admin
PRO0725,RIDE25,Percentage,25,2024-03-08,2024-03-17,89,200,False,Haridwar,Car,Arjun Sharma
PRO0726,SUMMER10NOW,Percentage,10,2024-02-20,2024-03-13,207,500,True,Rishikesh,Scooty,Priya Admin
PRO0727,FLAT20,Percentage,20,2024-01-27,2024-02-25,283,500,False,Haridwar,Scooty,Arjun Sharma
PRO0728,WEEKEND150,Flat,150,2024-02-29,2024-03-07,68,1000,True,All,Car,Arjun Sharma
PRO0729,SAVE200NOW,Flat,200,2024-04-01,2024-04-23,56,500,True,All,Scooty,Priya Admin
PRO0730,SUMMER20,Percentage,20,2024-01-30,2024-02-24,14,100,False,Mussoorie,Scooty,Priya Admin
PRO0731,MOUNTAIN300OFF,Flat,300,2024-01-06,2024-01-10,7,100,True,Dehradun,Scooty,Priya Admin
PRO0732,MOUNTAIN10OFF,Percentage,10,2024-03-06,2024-03-14,175,500,True,Dehradun,Car,Arjun Sharma
PRO0733,TREK15NOW,Percentage,15,2024-02-13,2024-03-07,95,100,True,All,All,Arjun Sharma
PRO0734,WEEKEND150,Flat,150,2024-03-23,2024-04-21,129,100,True,Dehradun,Scooty,Priya Admin
PRO0735,TREK150DEAL,Flat,150,2024-01-21,2024-02-03,49,1000,False,Rishikesh,Bike,Priya Admin
PRO0736,WEEKEND500,Flat,500,2024-03-18,2024-03-31,335,200,True,Mussoorie,Scooty,Priya Admin
PRO0737,CAR100OFF,Flat,100,2024-01-08,2024-02-03,364,100,True,Dehradun,All,Priya Admin
PRO0738,MOUNTAIN15,Percentage,15,2024-01-31,2024-02-28,256,500,False,Mussoorie,Car,Priya Admin
PRO0739,WEEKEND25NOW,Percentage,25,2024-03-25,2024-04-15,306,500,False,Mussoorie,Bike,Arjun Sharma
PRO0740,SAVE50,Flat,50,2024-01-08,2024-01-19,30,1000,True,Dehradun,Scooty,Priya Admin
PRO0741,SPEED250,Flat,250,2024-03-19,2024-03-23,460,500,True,Rishikesh,All,Arjun Sharma
PRO0742,HILL10NOW,Percentage,10,2024-03-23,2024-04-20,316,100,True,All,Scooty,Priya Admin
PRO0743,TREK30,Percentage,30,2024-03-29,2024-04-17,174,200,False,Rishikesh,Bike,Priya Admin
PRO0744,HILL10NOW,Percentage,10,2024-03-13,2024-04-08,103,200,False,Dehradun,All,Priya Admin
PRO0745,RIDE15OFF,Percentage,15,2024-03-26,2024-04-24,334,1000,False,Haridwar,Car,Priya Admin
PRO0746,MOUNTAIN5OFF,Percentage,5,2024-02-03,2024-03-01,416,200,False,Dehradun,Scooty,Priya Admin
PRO0747,RIDE100OFF,Flat,100,2024-03-30,2024-04-24,132,500,True,Dehradun,Bike,Priya Admin
PRO0748,HILL5DEAL,Percentage,5,2024-01-09,2024-01-21,203,1000,True,All,Bike,Arjun Sharma
PRO0749,SAVE50,Flat,50,2024-03-31,2024-04-23,170,1000,True,All,All,Arjun Sharma
PRO0750,TREK100,Flat,100,2024-01-20,2024-01-26,234,500,False,Rishikesh,Scooty,Priya Admin
PRO0751,RIDE20DEAL,Percentage,20,2024-02-05,2024-02-09,325,200,False,Dehradun,Car,Priya Admin
PRO0752,HILL50OFF,Flat,50,2024-02-27,2024-03-05,138,100,True,All,Scooty,Priya Admin
PRO0753,MOUNTAIN50NOW,Flat,50,2024-01-30,2024-02-26,99,100,False,All,All,Priya Admin
PRO0754,BIKE25OFF,Percentage,25,2024-03-23,2024-04-19,67,500,True,Dehradun,Bike,Arjun Sharma
PRO0755,WEEKEND10DEAL,Percentage,10,2024-01-27,2024-02-13,341,500,False,Dehradun,Scooty,Arjun Sharma
PRO0756,RIDE100,Flat,100,2024-03-20,2024-04-01,210,200,True,Dehradun,Car,Priya Admin
PRO0757,SUMMER10,Percentage,10,2024-03-14,2024-03-28,226,200,True,Rishikesh,Scooty,Priya Admin
PRO0758,WEEKEND5OFF,Percentage,5,2024-02-18,2024-03-19,242,500,True,All,Car,Priya Admin
PRO0759,SPEED500,Flat,500,2024-02-16,2024-03-13,68,500,False,All,Scooty,Priya Admin
PRO0760,SUMMER500,Flat,500,2024-01-21,2024-01-27,356,500,False,Dehradun,Scooty,Arjun Sharma
PRO0761,TREK200,Flat,200,2024-02-20,2024-03-09,350,500,True,Nainital,Bike,Priya Admin
PRO0762,MOUNTAIN5,Percentage,5,2024-01-17,2024-02-08,350,500,True,Rishikesh,Bike,Priya Admin
PRO0763,SPEED15DEAL,Percentage,15,2024-02-27,2024-03-20,352,500,True,Rishikesh,Car,Priya Admin
PRO0764,BIKE250,Flat,250,2024-03-07,2024-03-20,438,100,True,Dehradun,Bike,Priya Admin
PRO0765,GO250DEAL,Flat,250,2024-03-22,2024-04-20,392,500,False,Rishikesh,Bike,Priya Admin
PRO0766,BIKE25DEAL,Percentage,25,2024-03-22,2024-04-05,24,500,False,Dehradun,All,Arjun Sharma
PRO0767,RIDE20,Percentage,20,2024-02-29,2024-03-18,272,500,False,Rishikesh,All,Arjun Sharma
PRO0768,HILL10NOW,Percentage,10,2024-01-26,2024-02-10,31,500,True,Mussoorie,Bike,Priya Admin
PRO0769,TREK25OFF,Percentage,25,2024-02-09,2024-02-15,479,1000,True,Dehradun,Bike,Arjun Sharma
PRO0770,TREK100DEAL,Flat,100,2024-02-01,2024-02-08,266,500,True,Rishikesh,All,Priya Admin
PRO0771,SAVE20OFF,Percentage,20,2024-01-23,2024-02-10,70,100,True,Chakrata,All,Priya Admin
PRO0772,CAR300,Flat,300,2024-02-04,2024-02-16,385,500,True,Haridwar,Scooty,Arjun Sharma
PRO0773,SPEED30,Percentage,30,2024-03-29,2024-04-03,47,100,True,Dehradun,Scooty,Priya Admin
PRO0774,CAR100DEAL,Flat,100,2024-01-02,2024-01-24,481,100,False,Haridwar,Scooty,Arjun Sharma
PRO0775,WEEKEND100DEAL,Flat,100,2024-03-04,2024-03-12,20,200,True,All,Car,Arjun Sharma
PRO0776,MOUNTAIN150,Flat,150,2024-01-03,2024-01-09,227,500,True,Rishikesh,Bike,Priya Admin
PRO0777,FLAT20DEAL,Percentage,20,2024-01-09,2024-01-20,421,100,True,Mussoorie,Car,Arjun Sharma
PRO0778,GO10NOW,Percentage,10,2024-03-08,2024-03-24,219,1000,True,Rishikesh,Scooty,Arjun Sharma
PRO0779,MOUNTAIN100,Flat,100,2024-01-27,2024-02-23,291,500,True,Dehradun,Car,Arjun Sharma
PRO0780,BIKE25,Percentage,25,2024-03-15,2024-04-08,352,500,True,All,All,Arjun Sharma
PRO0781,HILL200,Flat,200,2024-01-15,2024-02-03,401,200,True,Chakrata,Bike,Priya Admin
PRO0782,RIDE200,Flat,200,2024-03-09,2024-04-05,156,1000,True,Rishikesh,All,Arjun Sharma
PRO0783,RIDE10,Percentage,10,2024-02-03,2024-02-26,210,500,True,Haridwar,Car,Priya Admin
PRO0784,HILL100OFF,Flat,100,2024-01-20,2024-01-30,130,500,False,Dehradun,Bike,Arjun Sharma
PRO0785,WEEKEND10NOW,Percentage,10,2024-01-18,2024-01-30,36,500,True,Haridwar,Car,Priya Admin
PRO0786,MOUNTAIN15NOW,Percentage,15,2024-02-20,2024-03-12,129,500,True,Rishikesh,Scooty,Priya Admin
PRO0787,SPEED20,Percentage,20,2024-01-11,2024-02-10,48,200,True,Dehradun,All,Arjun Sharma
PRO0788,FLAT250NOW,Flat,250,2024-01-07,2024-01-15,86,100,True,Rishikesh,Scooty,Arjun Sharma
PRO0789,SAVE300OFF,Flat,300,2024-02-08,2024-02-12,136,100,True,Haridwar,Scooty,Priya Admin
PRO0790,SPEED100,Flat,100,2024-02-24,2024-02-29,131,1000,True,Dehradun,All,Priya Admin
PRO0791,SPEED15,Percentage,15,2024-02-29,2024-03-15,492,500,False,Dehradun,Bike,Priya Admin
PRO0792,SPEED20NOW,Percentage,20,2024-02-06,2024-02-24,406,500,False,Mussoorie,Scooty,Arjun Sharma
PRO0793,MOUNTAIN500NOW,Flat,500,2024-01-23,2024-02-03,261,500,False,Dehradun,Scooty,Priya Admin
PRO0794,SPEED10,Percentage,10,2024-03-05,2024-03-12,81,500,False,Mussoorie,Scooty,Priya Admin
PRO0795,BIKE300DEAL,Flat,300,2024-03-05,2024-03-10,354,100,True,Mussoorie,Bike,Priya Admin
PRO0796,WEEKEND200DEAL,Flat,200,2024-01-12,2024-02-07,467,100,True,Mussoorie,Bike,Arjun Sharma
PRO0797,GO500DEAL,Flat,500,2024-03-07,2024-03-22,266,100,True,All,Car,Priya Admin
PRO0798,BIKE20OFF,Percentage,20,2024-02-14,2024-02-29,322,500,False,All,All,Arjun Sharma
PRO0799,FLAT15OFF,Percentage,15,2024-02-03,2024-02-09,257,100,False,Mussoorie,Car,Priya Admin
PRO0800,BIKE50NOW,Flat,50,2024-01-15,2024-01-31,70,100,False,Dehradun,Bike,Arjun Sharma
PRO0801,SPEED100DEAL,Flat,100,2024-03-03,2024-03-06,393,200,False,Dehradun,Scooty,Priya Admin
PRO0802,FLAT300DEAL,Flat,300,2024-01-18,2024-01-27,441,200,True,All,Bike,Arjun Sharma
PRO0803,BIKE150NOW,Flat,150,2024-03-10,2024-04-07,112,500,True,Mussoorie,Car,Arjun Sharma
PRO0804,WEEKEND500,Flat,500,2024-01-07,2024-01-20,142,500,False,Nainital,All,Priya Admin
PRO0805,FLAT500,Flat,500,2024-02-22,2024-02-25,262,100,True,Mussoorie,Car,Arjun Sharma
PRO0806,GO15OFF,Percentage,15,2024-03-08,2024-03-31,83,200,False,Chakrata,All,Arjun Sharma
PRO0807,TREK5NOW,Percentage,5,2024-02-22,2024-03-13,206,100,True,Mussoorie,Bike,Arjun Sharma
PRO0808,SPEED250DEAL,Flat,250,2024-03-05,2024-03-27,454,1000,False,Mussoorie,All,Priya Admin
PRO0809,GO15OFF,Percentage,15,2024-02-03,2024-02-27,494,1000,False,Nainital,All,Priya Admin
PRO0810,SPEED25NOW,Percentage,25,2024-01-29,2024-02-08,390,500,True,Dehradun,Scooty,Priya Admin
PRO0811,CAR5OFF,Percentage,5,2024-01-30,2024-02-11,220,1000,True,Auli,Car,Priya Admin
PRO0812,FLAT300DEAL,Flat,300,2024-01-09,2024-01-15,204,500,True,All,All,Priya Admin
PRO0813,HILL300,Flat,300,2024-01-08,2024-01-22,252,1000,True,Nainital,All,Priya Admin
PRO0814,SUMMER30DEAL,Percentage,30,2024-03-20,2024-04-04,383,1000,True,Rishikesh,All,Arjun Sharma
PRO0815,TREK250OFF,Flat,250,2024-03-04,2024-03-30,483,1000,True,Dehradun,Scooty,Priya Admin
PRO0816,MOUNTAIN500,Flat,500,2024-02-17,2024-03-16,243,500,False,Haridwar,Car,Priya Admin
PRO0817,SAVE25DEAL,Percentage,25,2024-02-24,2024-03-15,431,200,False,Dehradun,Scooty,Priya Admin
PRO0818,BIKE15DEAL,Percentage,15,2024-02-17,2024-03-05,177,1000,True,All,Car,Priya Admin
PRO0819,CAR250OFF,Flat,250,2024-03-17,2024-04-04,271,100,True,Rishikesh,Bike,Arjun Sharma
PRO0820,MOUNTAIN30NOW,Percentage,30,2024-01-30,2024-02-29,446,1000,True,All,Scooty,Priya Admin
PRO0821,SPEED100,Flat,100,2024-03-14,2024-03-31,237,1000,True,All,Car,Priya Admin
PRO0822,HILL25DEAL,Percentage,25,2024-01-11,2024-02-04,496,200,True,Mussoorie,All,Priya Admin
PRO0823,HILL50DEAL,Flat,50,2024-01-12,2024-02-09,214,200,False,Rishikesh,Car,Arjun Sharma
PRO0824,WEEKEND50,Flat,50,2024-01-20,2024-01-26,51,1000,False,All,Scooty,Priya Admin
PRO0825,HILL200,Flat,200,2024-01-21,2024-02-17,356,200,True,Lansdowne,Bike,Priya Admin
PRO0826,BIKE20NOW,Percentage,20,2024-01-26,2024-01-31,407,500,True,Dehradun,All,Arjun Sharma
PRO0827,GO5,Percentage,5,2024-02-25,2024-03-14,229,200,True,Dehradun,Car,Priya Admin
PRO0828,TREK30NOW,Percentage,30,2024-02-08,2024-03-05,412,100,True,Haridwar,Bike,Priya Admin
PRO0829,SPEED150DEAL,Flat,150,2024-01-11,2024-02-08,197,100,True,Dehradun,All,Arjun Sharma
PRO0830,SPEED300DEAL,Flat,300,2024-03-29,2024-04-22,467,200,True,All,All,Arjun Sharma
PRO0831,TREK150,Flat,150,2024-02-17,2024-03-06,452,1000,True,Lansdowne,Bike,Arjun Sharma
PRO0832,SPEED10DEAL,Percentage,10,2024-01-07,2024-01-10,369,500,False,Haridwar,Car,Arjun Sharma
PRO0833,WEEKEND150,Flat,150,2024-01-18,2024-02-10,259,100,True,Rishikesh,Bike,Arjun Sharma
PRO0834,MOUNTAIN300,Flat,300,2024-03-11,2024-03-28,473,1000,True,All,Scooty,Priya Admin
PRO0835,TREK300,Flat,300,2024-01-04,2024-01-28,61,1000,True,Dehradun,All,Priya Admin
PRO0836,WEEKEND50DEAL,Flat,50,2024-01-19,2024-01-29,199,500,True,All,Scooty,Priya Admin
PRO0837,TREK30,Percentage,30,2024-03-27,2024-04-19,208,1000,True,Lansdowne,All,Arjun Sharma
PRO0838,MOUNTAIN500OFF,Flat,500,2024-02-22,2024-03-18,389,200,False,All,All,Priya Admin
PRO0839,SUMMER30OFF,Percentage,30,2024-01-04,2024-01-11,439,100,False,Rishikesh,Scooty,Arjun Sharma
PRO0840,SAVE200,Flat,200,2024-03-11,2024-03-20,280,100,False,Rishikesh,Bike,Priya Admin
PRO0841,HILL150,Flat,150,2024-01-02,2024-01-28,353,500,False,Rishikesh,Car,Arjun Sharma
PRO0842,SPEED500NOW,Flat,500,2024-02-17,2024-03-03,45,500,True,Dehradun,Bike,Arjun Sharma
PRO0843,SUMMER25,Percentage,25,2024-02-17,2024-02-20,247,1000,True,Nainital,Bike,Arjun Sharma
PRO0844,WEEKEND150,Flat,150,2024-03-05,2024-03-30,235,200,True,Mussoorie,All,Priya Admin
PRO0845,RIDE30,Percentage,30,2024-01-15,2024-02-06,274,200,False,Dehradun,All,Priya Admin
PRO0846,SPEED300NOW,Flat,300,2024-03-06,2024-03-11,428,200,True,Dehradun,Bike,Arjun Sharma
PRO0847,GO100DEAL,Flat,100,2024-01-05,2024-01-10,299,100,False,Dehradun,Bike,Arjun Sharma
PRO0848,FLAT25NOW,Percentage,25,2024-02-26,2024-03-12,251,200,True,Dehradun,Scooty,Priya Admin
PRO0849,GO30DEAL,Percentage,30,2024-02-01,2024-03-02,63,100,True,Haridwar,Car,Arjun Sharma
PRO0850,MOUNTAIN10DEAL,Percentage,10,2024-02-03,2024-02-24,130,500,True,Nainital,Scooty,Arjun Sharma
PRO0851,TREK250OFF,Flat,250,2024-03-21,2024-03-29,68,100,False,Mussoorie,Scooty,Priya Admin
PRO0852,TREK50,Flat,50,2024-03-11,2024-03-20,86,500,False,Rishikesh,All,Priya Admin
PRO0853,SUMMER10NOW,Percentage,10,2024-01-10,2024-02-07,87,500,True,Nainital,Car,Arjun Sharma
PRO0854,WEEKEND5,Percentage,5,2024-03-08,2024-03-31,211,100,False,Rishikesh,All,Priya Admin
PRO0855,GO10DEAL,Percentage,10,2024-02-13,2024-02-23,226,200,True,Rishikesh,All,Priya Admin
PRO0856,FLAT50,Flat,50,2024-01-29,2024-02-14,392,500,True,Rishikesh,All,Priya Admin
PRO0857,BIKE20OFF,Percentage,20,2024-03-24,2024-04-19,307,100,False,Nainital,All,Arjun Sharma
PRO0858,RIDE100NOW,Flat,100,2024-01-11,2024-02-03,26,200,False,Nainital,Scooty,Priya Admin
PRO0859,MOUNTAIN20NOW,Percentage,20,2024-03-29,2024-04-16,27,200,True,Rishikesh,All,Arjun Sharma
PRO0860,GO100OFF,Flat,100,2024-01-13,2024-01-16,6,500,True,Dehradun,All,Priya Admin
PRO0861,BIKE30OFF,Percentage,30,2024-01-16,2024-02-14,274,500,False,Auli,Bike,Arjun Sharma
PRO0862,MOUNTAIN30OFF,Percentage,30,2024-03-07,2024-03-29,27,1000,False,Dehradun,Scooty,Arjun Sharma
PRO0863,HILL500NOW,Flat,500,2024-01-23,2024-02-11,37,200,False,All,All,Priya Admin
PRO0864,CAR10NOW,Percentage,10,2024-03-05,2024-03-23,258,100,False,Dehradun,Scooty,Priya Admin
PRO0865,HILL150NOW,Flat,150,2024-01-21,2024-02-15,377,100,True,Mussoorie,Car,Arjun Sharma
PRO0866,SUMMER100OFF,Flat,100,2024-03-16,2024-04-07,468,500,True,Rishikesh,All,Arjun Sharma
PRO0867,CAR30DEAL,Percentage,30,2024-02-28,2024-03-22,128,500,False,Rishikesh,All,Priya Admin
PRO0868,RIDE150OFF,Flat,150,2024-01-22,2024-02-15,133,500,True,Rishikesh,Car,Priya Admin
PRO0869,BIKE5OFF,Percentage,5,2024-03-08,2024-03-27,324,100,True,All,Scooty,Priya Admin
PRO0870,BIKE100,Flat,100,2024-01-11,2024-01-24,221,500,False,Rishikesh,All,Priya Admin
PRO0871,HILL15NOW,Percentage,15,2024-02-02,2024-02-20,169,200,False,Nainital,All,Priya Admin
PRO0872,RIDE250OFF,Flat,250,2024-01-29,2024-02-12,140,1000,True,Lansdowne,All,Arjun Sharma
PRO0873,BIKE20,Percentage,20,2024-01-20,2024-01-26,291,1000,True,All,Scooty,Arjun Sharma
PRO0874,SUMMER20DEAL,Percentage,20,2024-03-12,2024-04-06,347,100,True,Haridwar,All,Priya Admin
PRO0875,FLAT30,Percentage,30,2024-02-04,2024-02-15,306,1000,True,Mussoorie,Bike,Arjun Sharma
PRO0876,SUMMER20,Percentage,20,2024-03-29,2024-04-14,7,100,True,Rishikesh,Car,Arjun Sharma
PRO0877,SPEED100NOW,Flat,100,2024-02-04,2024-03-05,61,500,True,Rishikesh,Car,Priya Admin
PRO0878,GO30NOW,Percentage,30,2024-03-15,2024-03-18,180,200,True,Haridwar,Bike,Arjun Sharma
PRO0879,BIKE100DEAL,Flat,100,2024-02-12,2024-03-07,468,100,True,Dehradun,Scooty,Priya Admin
PRO0880,MOUNTAIN100DEAL,Flat,100,2024-01-18,2024-01-28,212,500,True,Rishikesh,Scooty,Priya Admin
PRO0881,HILL30NOW,Percentage,30,2024-03-04,2024-04-01,407,200,False,Rishikesh,Scooty,Arjun Sharma
PRO0882,SUMMER100NOW,Flat,100,2024-02-29,2024-03-30,370,500,True,Rishikesh,Car,Priya Admin
PRO0883,SAVE25,Percentage,25,2024-01-21,2024-02-09,447,200,False,Mussoorie,Scooty,Priya Admin
PRO0884,SAVE300,Flat,300,2024-02-04,2024-03-04,213,1000,True,Mussoorie,Car,Arjun Sharma
PRO0885,RIDE100NOW,Flat,100,2024-01-21,2024-02-09,297,200,True,Haridwar,All,Arjun Sharma
PRO0886,GO30NOW,Percentage,30,2024-03-26,2024-04-24,89,100,False,Mussoorie,Bike,Arjun Sharma
PRO0887,FLAT5NOW,Percentage,5,2024-03-29,2024-04-01,321,500,True,Chakrata,Bike,Priya Admin
PRO0888,GO20NOW,Percentage,20,2024-01-07,2024-01-12,35,500,True,All,Scooty,Priya Admin
PRO0889,FLAT30,Percentage,30,2024-02-22,2024-03-14,16,500,False,Dehradun,Car,Arjun Sharma
PRO0890,RIDE300DEAL,Flat,300,2024-03-04,2024-03-22,18,200,False,Mussoorie,Car,Priya Admin
PRO0891,MOUNTAIN50OFF,Flat,50,2024-02-19,2024-02-29,269,500,True,All,Bike,Arjun Sharma
PRO0892,MOUNTAIN200OFF,Flat,200,2024-03-25,2024-03-28,171,200,False,Nainital,All,Priya Admin
PRO0893,GO5OFF,Percentage,5,2024-01-16,2024-02-15,490,500,True,Dehradun,Car,Arjun Sharma
PRO0894,BIKE10,Percentage,10,2024-02-28,2024-03-04,180,500,True,Mussoorie,Scooty,Arjun Sharma
PRO0895,RIDE200,Flat,200,2024-01-18,2024-01-28,302,500,True,Nainital,Scooty,Priya Admin
PRO0896,SAVE300NOW,Flat,300,2024-02-04,2024-02-13,408,500,True,Dehradun,Car,Priya Admin
PRO0897,HILL500OFF,Flat,500,2024-01-27,2024-02-26,127,200,False,Dehradun,All,Priya Admin
PRO0898,SPEED50OFF,Flat,50,2024-02-18,2024-03-13,120,500,False,Dehradun,Bike,Arjun Sharma
PRO0899,CAR10,Percentage,10,2024-03-22,2024-04-10,303,500,True,Dehradun,All,Arjun Sharma
PRO0900,CAR100,Flat,100,2024-01-07,2024-01-25,52,500,True,Haridwar,All,Priya Admin
PRO0901,SPEED150OFF,Flat,150,2024-02-23,2024-03-23,230,100,True,Haridwar,Bike,Priya Admin
PRO0902,SUMMER20DEAL,Percentage,20,2024-03-31,2024-04-14,120,500,False,All,Car,Priya Admin
PRO0903,MOUNTAIN300,Flat,300,2024-01-22,2024-01-29,452,500,True,All,Scooty,Arjun Sharma
PRO0904,BIKE25,Percentage,25,2024-03-03,2024-03-15,294,100,True,Rishikesh,Bike,Priya Admin
PRO0905,SUMMER15,Percentage,15,2024-01-13,2024-01-25,402,500,True,All,All,Arjun Sharma
PRO0906,SPEED250DEAL,Flat,250,2024-03-18,2024-04-15,222,100,True,Rishikesh,Car,Priya Admin
PRO0907,TREK250,Flat,250,2024-02-10,2024-02-25,422,1000,False,Rishikesh,Scooty,Arjun Sharma
PRO0908,WEEKEND10,Percentage,10,2024-02-07,2024-02-10,386,500,True,Haridwar,Car,Arjun Sharma
PRO0909,SPEED15OFF,Percentage,15,2024-01-04,2024-01-22,303,500,True,Dehradun,All,Priya Admin
PRO0910,SAVE10OFF,Percentage,10,2024-01-06,2024-01-27,130,200,True,Mussoorie,Bike,Priya Admin
PRO0911,CAR30DEAL,Percentage,30,2024-03-17,2024-04-06,237,1000,False,Mussoorie,Car,Arjun Sharma
PRO0912,WEEKEND20NOW,Percentage,20,2024-01-20,2024-01-29,115,500,True,Haridwar,Scooty,Arjun Sharma
PRO0913,HILL200,Flat,200,2024-02-02,2024-02-23,465,500,True,Nainital,Car,Arjun Sharma
PRO0914,RIDE250DEAL,Flat,250,2024-02-10,2024-03-11,165,500,True,Dehradun,Car,Arjun Sharma
PRO0915,SAVE100OFF,Flat,100,2024-02-23,2024-02-27,280,1000,True,Rishikesh,All,Priya Admin
PRO0916,SAVE300,Flat,300,2024-01-05,2024-01-21,475,500,True,Dehradun,All,Priya Admin
PRO0917,TREK10NOW,Percentage,10,2024-03-04,2024-03-17,293,100,True,All,All,Arjun Sharma
PRO0918,GO100DEAL,Flat,100,2024-03-14,2024-03-27,170,500,True,Haridwar,Bike,Priya Admin
PRO0919,SAVE100NOW,Flat,100,2024-03-02,2024-03-06,210,500,False,Mussoorie,Car,Priya Admin
PRO0920,SUMMER15,Percentage,15,2024-01-07,2024-01-21,121,500,True,Dehradun,Scooty,Priya Admin
PRO0921,CAR150,Flat,150,2024-03-22,2024-04-09,63,500,True,All,Car,Arjun Sharma
PRO0922,BIKE30OFF,Percentage,30,2024-01-26,2024-02-11,194,500,True,Dehradun,All,Arjun Sharma
PRO0923,BIKE15,Percentage,15,2024-02-14,2024-02-26,21,500,True,Rishikesh,Bike,Priya Admin
PRO0924,SPEED5NOW,Percentage,5,2024-03-20,2024-04-05,466,200,True,Dehradun,Scooty,Arjun Sharma
PRO0925,HILL300OFF,Flat,300,2024-02-11,2024-02-29,435,500,True,Rishikesh,Car,Arjun Sharma
PRO0926,SUMMER100,Flat,100,2024-01-29,2024-02-07,320,200,True,Dehradun,All,Arjun Sharma
PRO0927,RIDE5,Percentage,5,2024-03-28,2024-04-01,250,1000,True,Nainital,All,Arjun Sharma
PRO0928,GO300,Flat,300,2024-03-04,2024-04-01,401,500,True,Mussoorie,Scooty,Priya Admin
PRO0929,SPEED30NOW,Percentage,30,2024-02-23,2024-03-24,260,500,True,Dehradun,Bike,Arjun Sharma
PRO0930,GO150OFF,Flat,150,2024-01-05,2024-01-27,115,500,True,Dehradun,Bike,Priya Admin
PRO0931,FLAT5DEAL,Percentage,5,2024-02-04,2024-02-08,102,500,True,Rishikesh,Car,Priya Admin
PRO0932,BIKE25DEAL,Percentage,25,2024-02-06,2024-02-16,417,200,False,Dehradun,Car,Arjun Sharma
PRO0933,FLAT15,Percentage,15,2024-01-30,2024-02-23,144,500,True,All,All,Arjun Sharma
PRO0934,WEEKEND10,Percentage,10,2024-01-05,2024-01-13,467,500,True,Haridwar,Scooty,Arjun Sharma
PRO0935,FLAT20DEAL,Percentage,20,2024-01-30,2024-02-18,353,500,True,Dehradun,All,Arjun Sharma
PRO0936,SUMMER500DEAL,Flat,500,2024-03-27,2024-04-11,81,1000,False,Dehradun,Car,Arjun Sharma
PRO0937,TREK200,Flat,200,2024-03-02,2024-03-29,423,500,True,Haridwar,All,Arjun Sharma
PRO0938,CAR5NOW,Percentage,5,2024-03-21,2024-03-29,457,500,True,Dehradun,Car,Priya Admin
PRO0939,FLAT500NOW,Flat,500,2024-03-08,2024-03-29,136,200,True,Mussoorie,Bike,Arjun Sharma
PRO0940,WEEKEND200DEAL,Flat,200,2024-03-15,2024-03-20,397,200,True,All,Scooty,Priya Admin
PRO0941,RIDE100DEAL,Flat,100,2024-01-27,2024-02-14,98,500,True,Mussoorie,All,Arjun Sharma
PRO0942,MOUNTAIN5,Percentage,5,2024-01-22,2024-02-02,467,100,False,Rishikesh,Scooty,Arjun Sharma
PRO0943,CAR200,Flat,200,2024-01-18,2024-02-01,189,1000,True,Rishikesh,All,Arjun Sharma
PRO0944,GO30DEAL,Percentage,30,2024-03-05,2024-03-17,89,100,True,Nainital,Scooty,Priya Admin
PRO0945,SAVE5,Percentage,5,2024-03-31,2024-04-22,337,500,False,Mussoorie,All,Arjun Sharma
PRO0946,SUMMER200NOW,Flat,200,2024-01-15,2024-01-31,268,500,False,Haridwar,All,Arjun Sharma
PRO0947,GO500OFF,Flat,500,2024-01-31,2024-02-25,231,500,True,Rishikesh,Car,Arjun Sharma
PRO0948,WEEKEND100,Flat,100,2024-01-28,2024-02-06,472,500,True,Dehradun,Bike,Priya Admin
PRO0949,TREK25OFF,Percentage,25,2024-03-10,2024-03-24,254,100,True,Rishikesh,Bike,Priya Admin
PRO0950,CAR150DEAL,Flat,150,2024-02-19,2024-02-28,196,500,True,Mussoorie,Car,Arjun Sharma
PRO0951,SUMMER5DEAL,Percentage,5,2024-01-11,2024-01-14,65,200,False,All,All,Priya Admin
PRO0952,MOUNTAIN250OFF,Flat,250,2024-03-09,2024-03-14,217,500,True,Rishikesh,Bike,Arjun Sharma
PRO0953,SUMMER10OFF,Percentage,10,2024-02-17,2024-02-23,336,500,True,Dehradun,Car,Priya Admin
PRO0954,RIDE150,Flat,150,2024-02-27,2024-03-01,240,1000,True,Dehradun,All,Arjun Sharma
PRO0955,HILL15OFF,Percentage,15,2024-03-01,2024-03-05,29,500,True,Dehradun,Bike,Arjun Sharma
PRO0956,TREK150DEAL,Flat,150,2024-02-26,2024-03-08,348,500,False,Nainital,All,Priya Admin
PRO0957,SUMMER30NOW,Percentage,30,2024-01-25,2024-01-28,173,500,False,Rishikesh,Car,Priya Admin
PRO0958,SPEED15NOW,Percentage,15,2024-03-13,2024-03-18,477,500,True,Haridwar,All,Priya Admin
PRO0959,MOUNTAIN25,Percentage,25,2024-02-19,2024-03-01,393,200,True,All,Scooty,Arjun Sharma
PRO0960,CAR200OFF,Flat,200,2024-01-21,2024-01-29,310,500,True,All,Scooty,Priya Admin
PRO0961,SAVE20,Percentage,20,2024-02-06,2024-03-05,280,100,False,Rishikesh,All,Arjun Sharma
PRO0962,TREK300,Flat,300,2024-01-29,2024-02-17,340,500,True,Dehradun,Scooty,Priya Admin
PRO0963,WEEKEND30,Percentage,30,2024-03-19,2024-04-09,237,500,True,Mussoorie,Car,Arjun Sharma
PRO0964,HILL5,Percentage,5,2024-01-14,2024-02-03,499,500,True,Nainital,Car,Priya Admin
PRO0965,SUMMER300NOW,Flat,300,2024-03-15,2024-04-08,433,1000,True,All,Scooty,Priya Admin
PRO0966,SPEED30NOW,Percentage,30,2024-03-14,2024-04-02,252,500,True,Dehradun,Scooty,Arjun Sharma
PRO0967,FLAT10OFF,Percentage,10,2024-03-12,2024-04-10,335,500,True,Haridwar,All,Arjun Sharma
PRO0968,CAR150DEAL,Flat,150,2024-03-30,2024-04-04,481,100,True,Auli,Car,Arjun Sharma
PRO0969,SUMMER25,Percentage,25,2024-03-11,2024-04-03,194,1000,False,Mussoorie,Bike,Priya Admin
PRO0970,TREK25DEAL,Percentage,25,2024-02-11,2024-02-17,314,1000,False,Rishikesh,Scooty,Arjun Sharma
PRO0971,WEEKEND250OFF,Flat,250,2024-02-10,2024-02-22,98,100,False,All,Car,Arjun Sharma
PRO0972,CAR250NOW,Flat,250,2024-01-26,2024-02-17,300,500,True,Dehradun,Bike,Priya Admin
PRO0973,SPEED50,Flat,50,2024-01-06,2024-01-12,149,500,True,Dehradun,Car,Arjun Sharma
PRO0974,HILL10,Percentage,10,2024-03-07,2024-04-03,314,200,True,Mussoorie,Car,Priya Admin
PRO0975,WEEKEND500,Flat,500,2024-01-07,2024-01-18,202,200,False,Rishikesh,Bike,Arjun Sharma
PRO0976,TREK500DEAL,Flat,500,2024-03-13,2024-04-10,103,1000,True,Dehradun,All,Priya Admin
PRO0977,MOUNTAIN10NOW,Percentage,10,2024-04-01,2024-04-18,410,200,False,Dehradun,Scooty,Priya Admin
PRO0978,WEEKEND150DEAL,Flat,150,2024-03-15,2024-04-07,480,500,True,All,Bike,Priya Admin
PRO0979,SAVE300DEAL,Flat,300,2024-01-31,2024-02-18,403,100,False,Auli,Bike,Arjun Sharma
PRO0980,SAVE250,Flat,250,2024-01-18,2024-02-08,62,1000,False,Dehradun,Scooty,Priya Admin
PRO0981,HILL25,Percentage,25,2024-02-08,2024-02-15,391,100,False,All,Scooty,Arjun Sharma
PRO0982,WEEKEND300,Flat,300,2024-03-19,2024-04-07,137,1000,True,Dehradun,Bike,Arjun Sharma
PRO0983,GO250NOW,Flat,250,2024-03-03,2024-03-06,243,100,False,Rishikesh,Bike,Priya Admin
PRO0984,SUMMER15,Percentage,15,2024-02-06,2024-02-16,472,200,True,Dehradun,Bike,Arjun Sharma
PRO0985,CAR10DEAL,Percentage,10,2024-02-21,2024-03-10,418,100,True,Dehradun,Car,Priya Admin
PRO0986,BIKE20,Percentage,20,2024-01-04,2024-02-01,110,100,False,Mussoorie,All,Arjun Sharma
PRO0987,HILL15,Percentage,15,2024-01-25,2024-01-28,154,500,False,Haridwar,All,Priya Admin
PRO0988,GO150OFF,Flat,150,2024-01-04,2024-02-01,473,1000,True,Haridwar,Scooty,Priya Admin
PRO0989,GO25,Percentage,25,2024-03-04,2024-03-15,348,500,True,Rishikesh,Bike,Arjun Sharma
PRO0990,SAVE10OFF,Percentage,10,2024-03-09,2024-03-24,418,500,True,Rishikesh,Scooty,Arjun Sharma
PRO0991,FLAT150,Flat,150,2024-01-18,2024-02-02,278,500,False,All,Scooty,Priya Admin
PRO0992,WEEKEND10,Percentage,10,2024-02-04,2024-02-18,35,1000,False,Lansdowne,Bike,Priya Admin
PRO0993,TREK25NOW,Percentage,25,2024-01-14,2024-01-20,27,1000,True,Nainital,All,Priya Admin
PRO0994,SPEED20,Percentage,20,2024-01-24,2024-01-29,138,1000,True,Dehradun,All,Priya Admin
PRO0995,WEEKEND5,Percentage,5,2024-02-09,2024-02-14,66,500,True,Dehradun,Car,Priya Admin
PRO0996,SPEED30,Percentage,30,2024-02-14,2024-03-13,359,1000,True,All,Scooty,Arjun Sharma
PRO0997,HILL100OFF,Flat,100,2024-02-05,2024-03-04,411,1000,False,Dehradun,Scooty,Arjun Sharma
PRO0998,SPEED50OFF,Flat,50,2024-02-09,2024-02-20,8,200,True,All,Car,Priya Admin
PRO0999,CAR25NOW,Percentage,25,2024-03-20,2024-03-25,348,1000,True,Haridwar,All,Priya Admin
PRO1000,WEEKEND5NOW,Percentage,5,2024-01-13,2024-01-24,335,500,False,All,Scooty,Priya Admin
